No.,診療所名,診療所名_カナ,医療機関の種類,所在地,電話番号,診療科目,病床数,緯度,経度,
1,福井県福井健康福祉センター,,一般診療所,福井県福井市西木田 2丁目8-8,0776-36-1116,内科、小児科、歯科,0,36.05462928,136.2138418,
2,特別養護老人ホーム新田塚ハウス医務室,,一般診療所,福井県福井市江上町 第55号5番地,0776-59-1800,内科,0,36.13107528,136.1641242,
3,福井刑務所医務課診療所,,一般診療所,福井県福井市一本木町 52,0776-36-3220,内科、精神科、その他の科(歯科),7,36.05267394,136.2264623,
4,公益財団法人福井県予防医学協会附属診療所,,一般診療所,福井県福井市和田 2-1006,0776-23-4810,内科、外科、乳腺外科、泌尿器科、整形外科、婦人科、放射線科、麻酔科、消化器科,0,36.04850547,136.2417229,
5,老人ホーム山翠苑医務室,,一般診療所,福井県福井市竪達町 24-1,0776-53-2586,内科,0,36.07496949,136.271246,
6,愛全園診療所,,一般診療所,福井県福井市丸山町 40-7,0776-53-5411,内科,0,36.07724526,136.2517476,
7,特別養護老人ホーム宝珠苑,,一般診療所,福井県福井市内山梨子町 2-3-1,0776-83-1373,内科、呼吸器科、消化器科、循環器科,0,36.13481856,136.1573619,
8,社会福祉法人美山友愛会特別養護老人ホーム美山貴寿苑,,一般診療所,福井県福井市市波町 31-2,0776-96-4150,内科,0,36.01641106,136.3310137,
9,特別養護老人ホーム文珠苑医務室,,一般診療所,福井県福井市北山町 35字反町5-1,0776-41-7500,内科,0,36.00155434,136.2508493,
10,福井県赤十字血液センタ－,,一般診療所,福井県福井市月見 3丁目3-23,0776-36-6275,その他の科(内科（採血およびその付随行為）),0,36.0466268,136.2082208,
11,特別養護老人ホーム　高雄苑医務室,,一般診療所,福井県福井市本堂町 51-33,0776-37-0116,内科、外科、胃腸科,0,36.05633482,136.1267011,
12,社会福祉法人足羽福祉会　足羽利生苑医務室,,一般診療所,福井県福井市栂野町 20号7番地,0776-41-3121,内科,0,36.03882782,136.2580547,
13,社会福祉法人すいせんの里すだちの家医務室,,一般診療所,福井県福井市東大味町 第9号15番地,0776-41-3950,内科,0,35.99451537,136.2598983,
14,特別養護老人ホーム　「悠和園医務室」,,一般診療所,福井県福井市免鳥町 22-74,0776-87-2161,内科、整形外科,0,36.13100145,136.0747906,
15,福井大学保健管理センター,,一般診療所,福井県福井市文京 3-9-1,0776-27-8513,内科、精神科、眼科、耳鼻いんこう科,0,36.0753042,136.2113236,
16,特別養護老人ホーム　あさむつ苑診療室,,一般診療所,福井県福井市引目町 21字9-2,0776-38-9280,内科,0,36.02246886,136.1973012,
17,公益財団法人福井県労働衛生センター附属診療所,,一般診療所,福井県福井市日光 1丁目3-10,0776-25-2206,内科,0,36.07187284,136.2029758,
18,あさくら苑診療所,,一般診療所,福井県福井市下六条町 18字32番,0776-41-8400,内科,0,36.03517257,136.2294944,
19,足羽更生園医務室,,一般診療所,福井県福井市宿布町 第19号46-1,0776-41-3120,内科、呼吸器科、循環器科,0,36.01331831,136.3033858,
20,特別養護老人ホームＨＯＭＥ　ＴＯＷＮ　コスモス医務室,,一般診療所,福井県福井市帆谷町 1字外山33,0776-38-1159,内科,0,36.00751089,136.2360895,
21,モアヤング　こもれびホーム診療所,,一般診療所,福井県福井市和田中町東沖田 30-1,0776-28-3737,内科、整形外科,0,36.05045572,136.2575633,
22,かわにし苑医務室,,一般診療所,福井県福井市砂子坂町 9-5,0776-83-1055,内科、外科、胃腸科,0,36.14620928,136.1472443,
23,地域密着型特別養護老人ホームなの花医務室,,一般診療所,福井県福井市加茂河原 3丁目1-22,0776-36-8784,内科,0,36.06332356,136.1931017,
24,特別養護老人ホームすみれ荘医務室,,一般診療所,福井県福井市島寺町 83-1,0776-98-5550,内科,0,36.01732604,136.1422772,
25,特別養護老人ホームこしの渚苑医務室,,一般診療所,福井県福井市蒲生町 1-90-1,0776-89-2110,内科,0,36.03816989,136.0112148,
26,介護老人福祉施設第二ひかり苑泉の郷医務室,,一般診療所,福井県福井市今泉町 25字15-1,0776-52-1300,内科,0,36.06801596,136.2534673,
27,小規模特別養護老人ホーム花むつ苑医務室,,一般診療所,福井県福井市花堂中 1丁目5-6,0776-34-8762,内科,0,36.03895706,136.2154647,
28,松本ホームやわらぎ医務室,,一般診療所,福井県福井市松本 1丁目2-19,0776-26-4165,内科,0,36.07160436,136.2325103,
29,地域密着型介護老人福祉施設東安居苑医務室,,一般診療所,福井県福井市大瀬町 23字101番,0776-35-0838,内科,0,36.0696916,136.1851543,
30,特別養護老人ホームたぶのき苑診療所,,一般診療所,福井県福井市大願寺 3丁目3-6,0776-27-4140,内科,0,36.08166531,136.228189,
31,全国土木建築国民健康保険組合関西健康管理センター,,一般診療所,福井県福井市問屋町 3-304 大鉄工業㈱北陸支店福井出張所内,06-6942-6411,内科、放射線科,0,36.05332806,136.2530024,
32,特別養護老人ホーム第２藤島園そよかぜホーム医務室,,一般診療所,福井県福井市河合勝見町 4号24-1,0776-55-1313,内科、外科,0,36.11293717,136.2001688,
33,あるば・あい,,一般診療所,福井県福井市日之出 3丁目16-18 特別養護老人ホーム「あるば・あい」医務室,0776-21-0181,内科、循環器内科、糖尿病内科,0,36.06160326,136.2299524,
34,アイクリニックおおて,アイクリニックオオテ,一般診療所,福井県福井市大手 3丁目1-6,0776-22-1508,眼科,0,36.06280205,136.2206566,
35,青山クリニック,アオヤマクリニック,一般診療所,福井県福井市宝永 1丁目38-15,0776-25-7080,内科、循環器内科、皮膚科、アレルギー科、小児科、形成外科,0,36.07081194,136.2309561,
36,赤井内科呼吸器クリニック,アカイナイカコキュウキクリニック,一般診療所,福井県福井市松本 2-4-16,0776-21-0061,内科、呼吸器内科、循環器科,0,36.0713648,136.2262116,
37,あすわクリニック,アスワクリニック,一般診療所,福井県福井市下馬 3丁目511番地,0776-34-3600,内科、糖尿病内科、小児科、外科、眼科,19,36.03770184,136.2322631,
38,麻生津医院,アソウヅイイン,一般診療所,福井県福井市浅水二日町 128-43,0776-38-3388,内科、呼吸器内科、小児科、外科,0,36.00397213,136.1982877,
39,安土整形外科医院,アヅチセイケイゲカイイン,一般診療所,福井県福井市中央 2丁目7-19,0776-25-3545,内科、リウマチ科、脳神経外科、整形外科、リハビリテーション科,19,36.05916639,136.2182209,
40,あらい内科クリニック,アライナイカクリニック,一般診療所,福井県福井市高柳 2丁目1301番地 レインボービル5F,0776-54-8334,内科、循環器内科,0,36.09771115,136.246783,
41,荒川整形外科医院,アラカワセイケイゲカイイン,一般診療所,福井県福井市高木町 第51号8番地,0776-54-6681,リウマチ科、整形外科、リハビリテーション科,0,36.09429711,136.2305068,
42,有塚医院,アリツカイイン,一般診療所,福井県福井市和田東２丁目１８２０,0776-24-6060,内科、消化器内科、肝臓内科、その他の科(内視鏡内科),0,36.04987827,136.2501214,
43,生田医院,イクタイイン,一般診療所,福井県福井市西木田 2-4-14,0776-36-2891,内科、小児科,0,36.05282613,136.2144525,
44,石黒眼科クリニック,イシグロガンカクリニック,一般診療所,福井県福井市二の宮 4丁目9-28,0776-24-1496,眼科,0,36.08375914,136.2137126,
45,いそまつ医院,イソマツイイン,一般診療所,福井県福井市中央 3-6-14,0776-22-6565,眼科,0,36.06354672,136.2129594,
46,いとう内科クリニック,イトウナイカクリニック,一般診療所,福井県福井市経田 1丁目209,0776-27-5040,内科、神経内科,0,36.08816697,136.2212687,
47,いなだクリニック,イナダクリニック,一般診療所,福井県福井市木田 2丁目1613,0776-34-8111,内科、外科、整形外科、消化器科、こう門科、耳鼻いんこう科,0,36.04519284,136.2241727,
48,井本耳鼻咽喉科医院,イモトジビインコウカイイン,一般診療所,福井県福井市文京 6丁目17番25号,0776-24-3303,アレルギー科、耳鼻いんこう科,0,36.07608041,136.2015277,
49,医療法人石黒耳鼻咽喉科医院,イリョウホウジンイシグロジビインコウカイイン,一般診療所,福井県福井市大手 2丁目15-15,0776-25-3387,アレルギー科、耳鼻いんこう科,0,36.06666086,136.2253013,
50,医療法人英和会　貴志医院,イリョウホウジンエイワカイ　キシイイン,一般診療所,福井県福井市市波町 24-3,0776-96-4012,内科、小児科、精神科、心療内科,0,36.01818389,136.3288466,
51,医療法人駅東整形外科,イリョウホウジンエキヒガシセイケイゲカ,一般診療所,福井県福井市日之出 2丁目12-2,0776-27-2500,リウマチ科、整形外科、リハビリテーション科,19,36.06297375,136.2267881,
52,医療法人　大橋整形外科医院,イリョウホウジンオオハシセイケイゲカイイン,一般診療所,福井県福井市二の宮 3丁目38-20,0776-25-0099,リウマチ科、整形外科、リハビリテーション科,0,36.08761907,136.2170449,
53,医療法人かさまつファミリークリニック,イリョウホウジンカサマツファミリークリニック,一般診療所,福井県福井市高木中央 3丁目801番地,0776-88-0088,内科、呼吸器内科、アレルギー科,0,36.08923073,136.2381658,
54,医療法人久保田内科医院,イリョウホウジンクボタナイカイイン,一般診療所,福井県福井市大宮 3丁目11-25,0776-26-1655,内科、呼吸器科、消化器科、循環器科,19,36.08135405,136.2137851,
55,医療法人元和会野村内科医院,イリョウホウジンゲンワカイノムラナイカイイン,一般診療所,福井県福井市上中町 36-8,0776-53-8568,内科、小児科、消化器科、循環器科,0,36.08150175,136.2670558,
56,医療法人　佐藤内科医院,イリョウホウジンサトウナイカイイン,一般診療所,福井県福井市御幸 3-2-1,0776-23-4014,内科、呼吸器科、消化器科,0,36.05606386,136.234524,
57,医療法人社団　畑内科,イリョウホウジンシャダン　ハタナイカ,一般診療所,福井県福井市下森田新町501番地,0776-56-0210,内科、消化器内科、小児科、その他の科(内視鏡内科),0,36.10960426,136.2314903,
58,医療法人社団　響　二の宮クリニック,イリョウホウジンシャダンヒビキニノミヤクリニック,一般診療所,福井県福井市大宮 3丁目31-37,0776-28-3800,内科、消化器内科、外科,0,36.08286999,136.2152149,
59,医療法人清風会　吉田医院,イリョウホウジンセイフウカイ　ヨシダイイン,一般診療所,福井県福井市順化 1丁目8-1,0776-22-1233,内科、アレルギー科、リウマチ科、小児科、外科、整形外科、リハビリテーション科、麻酔科、胃腸科、こう門科,19,36.06388522,136.2157167,
60,医療法人地水火風　たなか整形外科・眼科,イリョウホウジンチスイカフウ　タナカセイケイゲカガンカ,一般診療所,福井県福井市種池 1丁目101,0776-35-9299,リウマチ科、整形外科、眼科、リハビリテーション科,0,36.03630679,136.1928451,
61,医療法人南後眼科医院,イリョウホウジンナンゴガンカイイン,一般診療所,福井県福井市大手３丁目７-１　繊協ビル２階,0776-22-1836,眼科,0,36.06320724,136.2181264,
62,医療法人はまなかクリニック,イリョウホウジンハマナカクリニック,一般診療所,福井県福井市南四ツ居 1丁目10番11号,0776-63-5550,内科、外科,0,36.06289106,136.2445949,
63,医療法人邦高会　たかさわ内科クリニック,イリョウホウジンホウコウカイ　タカサワナイカクリニック,一般診療所,福井県福井市春日町２３７番地１,0776-35-0100,内科、循環器内科、糖尿病内科,0,36.04983875,136.2205168,
64,医療法人宮﨑整形外科医院,イリョウホウジンミヤザキセイケイゲカイイン,一般診療所,福井県福井市加茂河原 3丁目8-6,0776-33-1111,内科、リウマチ科、脳神経外科、整形外科、形成外科、リハビリテーション科,19,36.06250684,136.1921028,
65,岩佐内科外科クリニック,イワサナイカゲカクリニック,一般診療所,福井県福井市学園 2丁目9-6,0776-28-0666,内科、外科、整形外科、リハビリテーション科、麻酔科、呼吸器科、胃腸科、こう門科,0,36.06947273,136.1976959,
66,いわほり小児科医院,イワホリショウニカイイン,一般診療所,福井県福井市水越 1-606,0776-35-3321,小児科,0,36.06610171,136.1899416,
67,宇賀治医院,ウガジイイン,一般診療所,福井県福井市田原 2丁目6-11,0776-23-2695,内科、小児科、外科、整形外科、呼吸器科、胃腸科、循環器科、皮膚泌尿器科,0,36.07173718,136.2132058,
68,打波外科胃腸科婦人科,ウチナミゲカイチョウカフジンカ,一般診療所,福井県福井市文京 7丁目10-2,0776-26-7171,内科、外科、婦人科、胃腸科、こう門科,19,36.07609856,136.1948325,
69,エミナルクリニック福井院,エミナルクリニックフクイイン,一般診療所,福井県福井市大手３丁目４番１号　福井放送会館地下１階,0776-50-6983,その他の科(美容皮膚科),0,36.06294313,136.2197308,
70,Ｍクリニック,エムクリニック,一般診療所,福井県福井市石盛１－１８１６,0776-56-4656,内科、小児科、整形外科、リハビリテーション科,0,36.1155905,136.2303483,
71,往診クリニックふくい,オウシンクリニックフクイ,一般診療所,福井県福井市西谷 2丁目2704番地 エスパンドル103号,0776-36-1811,内科、呼吸器内科,0,36.03949792,136.2010643,
72,大久保外科内科,オオクボゲカナイカ,一般診療所,福井県福井市西木田 2-11-8,0776-36-6268,内科、循環器内科、アレルギー科、外科、整形外科、呼吸器科、消化器科,0,36.05281164,136.2128001,
73,大滝クリニック,オオタキクリニック,一般診療所,福井県福井市大願寺 3丁目9-3,0776-27-0021,内科、呼吸器内科、循環器内科、外科、肛門外科、整形外科、胃腸内科,0,36.08435625,136.2283278,
74,大滝東クリニック,オオタキヒガシクリニック,一般診療所,福井県福井市日光 1丁目1-1,0776-26-2330,内科、アレルギー科、小児科、精神科,0,36.07133552,136.2039637,
75,大森整形外科リウマチ科,オオモリセイケイゲカリウマチカ,一般診療所,福井県福井市北四ツ居 3-１4-12,0776-57-5000,内科、リウマチ科、脳神経外科、整形外科、リハビリテーション科,19,36.06761481,136.2457744,
76,大山クリニック,オオヤマクリニック,一般診療所,福井県福井市西方２丁目１９番３号,0776-29-0080,内科、泌尿器科、その他の科(人工透析内科),0,36.05234495,136.2391871,
77,大和田アイクリニック,オオワダアイクリニック,一般診療所,福井県福井市大和田２丁目１３０１番地,0776-57-2877,眼科,0,36.09460445,136.2517938,
78,おおわだ眼科,オオワダガンカ,一般診療所,福井県福井市大和田 2丁目1212 フェアモール福井エルパ2階,0776-97-9398,眼科,0,36.09573502,136.250306,
79,岡田形成外科皮フ科クリニック,オカダケイセイゲカヒフカクリニック,一般診療所,福井県福井市大東 1丁目6-38,0776-52-1158,皮膚科、形成外科、美容外科,0,36.06422547,136.2518407,
80,おかもと内科クリニック,オカモトナイカクリニック,一般診療所,福井県福井市大島町柳 212,0776-35-3331,内科,0,36.03404424,136.207537,
81,奥村整形外科クリニック,オクムラセイケイゲカクリニック,一般診療所,福井県福井市乾徳 3丁目11-23,0776-28-1550,リウマチ科、整形外科、リハビリテーション科,0,36.07358552,136.2072131,
82,オレンジホームケアクリニック,オレンジホームケアクリニック,一般診療所,福井県福井市田原 1丁目2-20,0776-21-3333,内科、小児科,0,36.07116488,136.2170909,
83,開発整形外科眼科,カイホツセイケイゲカガンカ,一般診療所,福井県福井市開発町 24-15-1,0776-54-5588,リウマチ科、整形外科、眼科、リハビリテーション科,0,36.08224997,136.2439209,
84,かさはら小児科,カサハラショウニカ,一般診療所,福井県福井市大和田 2丁目205番地,0776-53-2660,内科、小児科,0,36.09588675,136.2472721,
85,笠松内科クリニック,カサマツナイカクリニック,一般診療所,福井県福井市下馬 2丁目508,0776-33-1100,内科、皮膚科、小児科,0,36.04203509,136.2367268,
86,柏原脳神経クリニック,カシハラノウシンケイクリニック,一般診療所,福井県福井市四ツ井 1丁目7-20,0776-54-3455,神経内科、脳神経外科,0,36.06620745,136.236163,
87,片山整形外科,カタヤマセイケイゲカ,一般診療所,福井県福井市江端町 13-15-4,0776-35-2400,リウマチ科、整形外科、リハビリテーション科,19,36.03212663,136.2133325,
88,加藤内科・婦人科クリニック,カトウナイカフジンカクリニック,一般診療所,福井県福井市志比口 1丁目10-28,0776-53-0053,内科、呼吸器内科、循環器内科、婦人科,0,36.06798616,136.233522,
89,門整形外科,カドセイケイゲカ,一般診療所,福井県福井市西開発 1丁目2405番地,0776-53-1700,リウマチ科、整形外科、リハビリテーション科,0,36.07646228,136.2377365,
90,加納医院,カノウイイン,一般診療所,福井県福井市毛矢 2-6-22,0776-35-2529,内科、皮膚科、小児科、麻酔科、その他の科,0,36.05860479,136.2145077,
91,加畑皮膚科医院,カバタヒフカイイン,一般診療所,福井県福井市中央 3丁目3-1,0776-21-6834,皮膚科,0,36.06249009,136.2159546,
92,眼科原医院,ガンカハライイン,一般診療所,福井県福井市大手 2-6-6,0776-27-5654,眼科,0,36.06280118,136.2221518,
93,木田整形外科,キダセイケイゲカ,一般診療所,福井県福井市木田 3丁目907,0776-36-0020,整形外科、リハビリテーション科,0,36.0446091,136.2239941,
94,木原クリニック,キハラクリニック,一般診療所,福井県福井市四ツ井 1丁目17-30 フジビルD,0776-50-1556,精神科、心療内科、神経科,0,36.06570923,136.2365584,
95,きむら耳鼻咽喉科,キムラジビインコウカ,一般診療所,福井県福井市若杉 4-609,0776-36-3387,アレルギー科、小児科、耳鼻いんこう科,0,36.05711291,136.1857981,
96,きんせんクリニック,キンセンクリニック,一般診療所,福井県福井市板垣 4丁目114,0776-63-6313,耳鼻いんこう科,0,36.04593701,136.2271151,
97,くろかわ医院,クロカワイイン,一般診療所,福井県福井市四ツ井 2丁目1番6号,0776-57-8770,アレルギー科、耳鼻いんこう科,0,36.06814112,136.2350363,
98,くわばら皮膚科クリニック,クワバラヒフカクリニック,一般診療所,福井県福井市城東 2丁目6-1,0776-27-6000,皮膚科、アレルギー科,0,36.06189511,136.2352779,
99,ケアラボクリニック,ケアラボクリニック,一般診療所,福井県福井市灯明寺３丁目３５１１,0776-21-3339,内科、小児科,0,36.097876,136.211764,
100,けやき在宅クリニック,ケヤキザイタククリニック,一般診療所,福井市照手町４丁目２２０４,080-5372-4154,内科,0,36.065422,136.204003,
101,県民健康センター診療所,ケンミンケンコウセンターシンリョウショ,一般診療所,福井県福井市真栗町 47-48,0776-98-8000,内科、婦人科,0,36.01480912,136.1394864,
102,光陽生協クリニック,コウヨウセイキョウクリニック,一般診療所,福井県福井市光陽 3丁目9-23,0776-24-3310,内科、呼吸器内科、循環器内科、消化器内科、皮膚科、アレルギー科、小児科、泌尿器科、眼科、脳神経外科,0,36.06577102,136.1959234,
103,こころとからだクリニック福井,ココロトカラダクリニックフクイ,一般診療所,福井県福井市新田塚2-32-16,0776-21-0556,内科、精神科、心療内科、その他の科(児童精神科),0,36.08905549,136.2038382,
104,こしの医院,コシノイイン,一般診療所,福井県福井市蒲生町 1-91-1,0776-89-2232,内科、外科、泌尿器科、リハビリテーション科,0,36.03869743,136.0110425,
105,コパクリニック,コパクリニック,一般診療所,福井県福井市大和田２-４２２,0776-54-3358,アレルギー科、耳鼻いんこう科,0,36.09471814,136.2478518,
106,こまつクリニック,コマツクリニック,一般診療所,福井県福井市高柳2丁目1301番地 レインボービル2階,0776-43-0558,精神科、心療内科,0,36.09771115,136.246783,
107,コモ小児診療所,コモショウニシンリョウショ,一般診療所,福井県福井市木田 3丁目910,0776-33-7360,小児科,0,36.04474473,136.2241764,
108,さいかわ泌尿器科クリニック,サイカワヒニョウキカクリニック,一般診療所,福井県福井市中央 2丁目1-35,0776-23-8348,内科、泌尿器科,0,36.05887097,136.220351,
109,斉木内科循環器科医院,サイキナイカジュンカンキカイイン,一般診療所,福井県福井市城東 2-8-11,0776-21-5000,内科、呼吸器科、胃腸科、循環器科,0,36.06095811,136.2356469,
110,齋藤眼科,サイトウガンカ,一般診療所,福井県福井市御幸 3丁目15-13,0776‐23‐2233,眼科,6,36.05450411,136.2381275,
111,齊藤クリニック,サイトウクリニック,一般診療所,福井県福井市宝永 4丁目3-9,0776-60-1212,内科、外科、胃腸科,0,36.06711305,136.2181644,
112,さいとう耳鼻咽喉科クリニック,サイトウジビインコウカクリニック,一般診療所,福井県福井市大宮 2丁目27-22,0776-24-4133,耳鼻いんこう科,0,36.08287809,136.2174288,
113,さくら通り整形外科クリニック,サクラドオリセイケイゲカクリニック,一般診療所,福井県福井市日之出４－１１－１７,0776-58-7138,整形外科、リハビリテーション科、内科,0,36.064387,136.233975,
114,佐藤整形形成外科,サトウセイケイケイセイゲカ,一般診療所,福井県福井市桃園 1-1-2,0776-35-5151,整形外科、形成外科、リハビリテーション科,19,36.0622185,136.203196,
115,佐部内科医院,サベナイカイイン,一般診療所,福井県福井市田原 2-18-10,0776-27-2255,内科、小児科,0,36.07236445,136.2127737,
116,耳鼻咽喉科・アレルギー科　たなかクリニック,ジビインコウカアレルギーカ　タナカクリニック,一般診療所,福井県福井市上森田 1丁目403番,0776-56-7733,アレルギー科、耳鼻いんこう科,0,36.11312389,136.227049,
117,島本眼科医院,シマモトガンカイイン,一般診療所,福井県福井市木田 2丁目1207,0776-34-5560,眼科,0,36.04516534,136.2224695,
118,清水診療所,シミズシンリョウショ,一般診療所,福井県福井市大森町 38-3,0776-98-3024,内科、小児科、外科、リハビリテーション科,0,36.02350933,136.1229889,
119,清水整形外科クリニック,シミズセイケイゲカクリニック,一般診療所,福井県福井市和田中 2丁目210,0776-28-6667,リウマチ科、整形外科、リハビリテーション科,0,36.04883925,136.2463483,
120,清水内科循環器医院,シミズナイカジュンカンキカイイン,一般診療所,福井県福井市足羽２丁目１番２２号,0776-36-3322,内科、呼吸器内科、循環器内科、消化器内科,0,36.061447,136.205575,
121,清水南医院,シミズミナミイイン,一般診療所,福井県福井市真栗町 38-3,0776-98-5113,内科、小児科、外科、消化器科,0,36.00782601,136.1503767,
122,社会福祉法人藤島会　特別養護老人ホーム藤島園医務室,シャカイフクシホウジンフジシマカイ　トクベツヨウゴロウジンホームフジシマエンイムシツ,一般診療所,福井県福井市高木中央３丁目１７０１番地,0776-52-1166,内科,0,36.09223048,136.2402595,
123,社会福祉法人弥生福祉会　愛寿苑医務室,シャカイフクシホウジンヤヨイカイ　アイジュエンイムシツ,一般診療所,福井県福井市若杉2丁目601番地,0776-34-5100,内科,0,36.05522467,136.1906854,
124,若越ひかりの村診療所,ジャクエツヒカリノムラシンリョウショ,一般診療所,福井県福井市島寺町第６７号３０番地　障害者支援施設「若越ひかりの村」内,0776-98-3600,精神科、外科,0,36.01839606,136.1398193,
125,湘南美容クリニック福井院,ショウナンビヨウヒリニックフクイイン,一般診療所,福井県福井市中央１丁目１０番３０号　アクロスキューブ福井中央２階,050-3773-7247,美容外科、美容皮膚科,0,36.061614,136.221073,
126,シン内視鏡・外科クリニック,シンナイシキョウゲカクリニック,一般診療所,福井県福井市西方１－１－７,0776-50-7330,外科、その他の科(内視鏡内科、内視鏡外科),0,36.05431579,136.234728,
127,神野美容形成外科クリニック,ジンノビヨウケイセイゲカクリニック,一般診療所,福井県福井市下馬3-1817,0120-730-012,形成外科、美容外科、その他の科(美容皮膚科),0,36.03943947,136.236649,
128,末松内科循環器科医院,スエマツナイカジュンカンキカイイン,一般診療所,福井県福井市文京 6丁目34-11,0776-28-1001,内科、呼吸器科、循環器科,0,36.07862444,136.1976999,
129,杉本リウマチ内科クリニック,スギモトリウマチナイカクリニック,一般診療所,福井県福井市舟橋新 2丁目109,0776-30-0022,内科、リウマチ科,0,36.09792039,136.2074586,
130,すこやか内科クリニック,スコヤカナイカクリニック,一般診療所,福井県福井市文京６丁目２５番２７号,0776-24-5125,内科、循環器内科、消化器内科、糖尿病内科、代謝内科,0,36.07705063,136.2003924,
131,すすき耳鼻咽喉科,ススキジビインコウカ,一般診療所,福井県福井市大東 1丁目1-5,0776-54-1133,アレルギー科、耳鼻いんこう科,0,36.06394694,136.2492074,
132,すなが耳鼻咽喉科,スナガジビインコウカ,一般診療所,福井県福井市舟橋黒竜2-207,0776-28-3387,耳鼻いんこう科,0,36.09888031,136.212859,
133,全国土木建築国民健康保険組合　中部健康管理センター　福井医務室,ゼンコクドボクケンチクコクミンケンコウホケンクミアイ　チュウブケンコウカンリセンター,一般診療所,福井県福井市日之出 3-2-1 村中建設（株）内,0776-22-0845,内科,0,36.06269065,136.2291813,
134,育ちのクリニック津田,ソダチノクリニックツダ,一般診療所,福井県福井市江端町第６号４８番地,0776-97-6119,アレルギー科、小児科,0,36.0286425,136.2156844,
135,大名町スキンクリニック,ダイミョウマチスキンクリニック,一般診療所,福井県福井市手寄１－４－１ＡＯＳＳＡ　２階,0776-22-8803,皮膚科、その他の科(美容皮膚科),0,36.06057816,136.2234614,
136,高木北クリニック,タカギキタクリニック,一般診療所,福井県福井市高木北 1丁目301,0776-53-8600,内科、小児科、外科、呼吸器科、循環器科,0,36.09855471,136.2307717,
137,たかしま皮膚科クリニック,タカシマヒフカクリニック,一般診療所,福井県福井市二の宮４丁目13-13,0776-27-5566,皮膚科,0,36.08401847,136.2125301,
138,多賀内科循環器科医院,タガナイカジュンカンキカイイン,一般診療所,福井県福井市二の宮 4丁目2-6,0776-27-0888,内科、呼吸器科、循環器科,0,36.08314163,136.2132585,
139,高波耳鼻咽喉科医院,タカナミジビインコウカイイン,一般診療所,福井県福井市荒木新保町 52-10-1,0776-41-3800,耳鼻いんこう科,3,36.02914843,136.2736117,
140,髙橋眼科医院,タカハシガンカイイン,一般診療所,福井県福井市福新町 813,0776-37-4113,眼科,0,36.048543,136.184197,
141,高橋クリニック,タカハシクリニック,一般診療所,福井県福井市文京 3丁目24番12号,0776-27-2320,内科、呼吸器科、循環器科,0,36.07986335,136.2094917,
142,高柳眼科,タカヤナギガンカ,一般診療所,福井県福井市石盛1丁目823,0776-56-4040,眼科,0,36.11625414,136.228098,
143,竹内医院,タケウチイイン,一般診療所,福井県福井市花堂北 2-12-28,0776-36-1035,内科、外科、整形外科、胃腸科、こう門科,0,36.04025371,136.2135697,
144,たけうちクリニック,タケウチクリニック,一般診療所,福井県福井市乾徳 1丁目1-17,0776-23-1212,内科、精神科、心療内科,0,36.07174455,136.2122772,
145,田中内科クリニック,タナカナイカクリニック,一般診療所,福井県福井市若杉 4丁目512,0776-36-8855,内科、消化器内科、その他の科(肝臓内科),0,36.05761667,136.1857875,
146,田中皮フ科医院,タナカヒフカイイン,一般診療所,福井県福井市文京 1-16-9,0776-22-6677,皮膚科,0,36.07676541,136.2236963,
147,谷口医院,タニグチイイン,一般診療所,福井県福井市天王町 20-41,0776-41-1013,内科、小児科、外科、こう門科,0,36.02757959,136.2333025,
148,玉井内科クリニック,タマイナイカクリニック,一般診療所,福井県福井市下荒井町 4-74-15,0776‐39‐1200,内科、小児科、呼吸器科、循環器科,0,36.02703982,136.2067258,
149,たわらまち整形外科・内科クリニック,タワラマチセイケイゲカナイカクリニック,一般診療所,福井県福井市文京 2丁目1番15号,0776-22-2666,内科、呼吸器内科、循環器内科、消化器内科、糖尿病内科、リウマチ科、外科、消化器外科、肛門外科、整形外科、リハビリテーション科、代謝内科、その他の科(内分泌内科、脂質代謝内科),0,36.07515627,136.2174754,
150,たんぽぽ苑　医務室,タンポポエン　イムシツ,一般診療所,福井県福井市石盛３丁目３０１,0776-56-0992,内科,0,36.11862203,136.2367332,
151,地域密着型介護老人福祉施設桜手苑医務室,チイキミッチャクガタカイゴロウジンフクシシセツオウテエンイムシツ,一般診療所,福井県福井市大手2-22-18,0776-26-7070,内科、歯科,0,36.0664834,136.2235007,
152,地域密着型特別養護老人ホームあたご医務室,チイキミッチャクガタトクベツヨウゴロウジンホームアタゴイムシツ,一般診療所,福井県福井市足羽5-5-16,0776-33-7080,内科,0,36.05798325,136.198771,
153,長保会　吉水整形外科医院,チョウホカイ　ヨシミズセイケイゲカイイン,一般診療所,福井県福井市舟橋新１丁目１１０８番地,0776-24-6677,リウマチ科、整形外科、リハビリテーション科,19,36.09911617,136.2108486,
154,辻医院,ツジイイン,一般診療所,福井県福井市宝永 １丁目9-13,0776-22-0597,胃腸内科,0,36.06715116,136.2285282,
155,つながるクリニック,ツナガルクリニック,一般診療所,福井県福井市二の宮2丁目25-8,0776-27-1550,内科、小児科,1,36.086931,136.223317,
156,坪川医院,ツボカワイイン,一般診療所,福井県福井市御幸 2丁目20番25号,0776-21-7373,アレルギー科、耳鼻いんこう科、気管食道科,0,36.05622658,136.2337772,
157,坪川内科医院,ツボカワナイカイイン,一般診療所,福井県福井市若杉浜１丁目７０７,0776-35-6100,内科、呼吸器内科、循環器内科、消化器内科、放射線科,0,36.06261755,136.1895856,
158,TCB　東京中央美容外科・TCB　スキンクリニック　福井院,ティーシービートウキョウチュウオウビヨウゲカティーシービースキンクリニックフクイイン,一般診療所,福井県福井市中央１丁目３番３号　ＫＩビル３階,0776-97-9137,皮膚科、形成外科、美容外科、その他の科(美容皮膚科),0,36.062073,136.22165,
159,寺尾小児科医院,テラオショウニカイイン,一般診療所,福井県福井市大宮 3丁目26-10,0776-21-2121,内科、アレルギー科、小児科,0,36.08226605,136.2093706,
160,堂下医院,ドウシタイイン,一般診療所,福井県福井市西中野町 3-52-2,0776-83-1113,整形外科,0,36.14543416,136.1560399,
161,ドクター・ズー,ドクターズー,一般診療所,福井県福井市四ツ井 1丁目22-22,0776-54-8833,内科、消化器内科、心療内科,0,36.06579509,136.23957,
162,とくだ耳鼻咽喉科,トクダジビインコウカ,一般診療所,福井県福井市花堂中 2丁目28-1,0776-33-1187,耳鼻いんこう科,0,36.03645793,136.2129326,
163,得田内科医院,トクダナイカイイン,一般診療所,福井県福井市文京 1丁目19-24,0776-27-2608,内科、神経内科、呼吸器科、消化器科、循環器科,0,36.077669,136.2227741,
164,特別養護老人ホーム　レインボー二の宮　医務室,トクベツヨウゴロウジンホーム　レインボーニノミヤ　イムシツ,一般診療所,福井県福井市二の宮２丁目８－２１,0776-21-2821,内科、外科,0,36.08460214,136.2247836,
165,冨澤クリニック,トミザワクリニック,一般診療所,福井県福井市砂子坂町 15-26,0776-83-0043,内科、小児科、リハビリテーション科、呼吸器科、消化器科、循環器科,0,36.14532659,136.1508852,
166,中永医院,ナカナガイイン,一般診療所,福井県福井市順化 1丁目18-17,0776-22-6437,内科、小児科、消化器科、胃腸科,5,36.06631199,136.216158,
167,なかふじ整形外科,ナカフジセイケイゲカ,一般診療所,福井県福井市高柳3-904-1,0776-53-1880,整形外科、リハビリテーション科,0,36.09576679,136.2399039,
168,南場小児科医院,ナンバショウニカイイン,一般診療所,福井県福井市新田塚町 418,0776-21-7810,小児科,0,36.08857381,136.2104569,
169,丹尾医院,ニオイイン,一般診療所,福井県福井市松本 4-2-6,0776-22-2978,内科、小児科、眼科、呼吸器科、消化器科、循環器科,0,36.07084982,136.2189893,
170,西ウイミンズクリニック,ニシウイミンズクリニック,一般診療所,福井県福井市木田 2-2102,0776-33-3663,内科、産婦人科,0,36.04632243,136.226469,
171,西浦医院,ニシウライイン,一般診療所,福井県福井市つくも２丁目５－４,0776-36-6682,内科,0,36.06179037,136.2092028,
172,にしむら皮フ科クリニック,ニシムラヒフカクリニック,一般診療所,福井県福井市木田 3丁目2605番,0776-36-4112,皮膚科、アレルギー科、形成外科,0,36.04297294,136.2264514,
173,二の宮アイビジョンクリニック,ニノミヤアイビジョンクリニック,一般診療所,福井県福井市二の宮 2-28-26,090-1748-2784,眼科,0,36.08762322,136.2233646,
174,パークスみなみ　医務室,パークスミナミ　イムシツ,一般診療所,福井県福井市今市町６５－１１－１,0776-38-8850,内科,0,36.0221032,136.2097373,
175,長谷川医院,ハセガワイイン,一般診療所,福井県福井市松本４丁目４－２４,0776-22-7441,精神科、心療内科,0,36.071346,136.2203093,
176,パナソニック森田健康管理室,パナソニックモリタケンコウカンリシツ,一般診療所,福井県福井市定正町 401,0776ｰ56ｰ8010,内科,0,36.12045437,136.2258458,
177,英内科医院,ハナブサナイカイイン,一般診療所,福井県福井市大宮２丁目６-２１,0776-22-1602,内科,0,36.08058526,136.2170653,
178,はまだ内科クリニック,ハマダナイカクリニック,一般診療所,福井県福井市開発 １丁目２０３,0776-97-5820,内科,0,36.07616301,136.2391124,
179,林小児科クリニック,ハヤシショウニカクリニック,一般診療所,福井県福井市西谷 1丁目1212,0776-36-8843,小児科,0,36.03801558,136.2067203,
180,平井内科クリニック,ヒライナイカクリニック,一般診療所,福井県福井市みのり 3丁目21-5,0776-33-7808,内科、呼吸器科、消化器科,0,36.04838429,136.2094478,
181,ひらい内科消化器科医院,ヒライナイカショウカキカイイン,一般診療所,福井県福井市渕 4丁目1813番地,0776-33-6881,内科、小児科、リハビリテーション科、消化器科、循環器科,19,36.04555978,136.182219,
182,平沢内科医院,ヒラサワナイカイイン,一般診療所,福井県福井市花堂中 2-25-10,0776-35-1422,内科、循環器科,0,36.03689265,136.212982,
183,ひらざわ内科ハートクリニック,ヒラザワナイカハートクリニック,一般診療所,福井県福井市西谷２－２１１３,0776-35-8822,内科、循環器内科、その他の科(糖尿病・代謝内科),0,36.03937328,136.2028308,
184,平谷こども発達クリニック,ヒラタニコドモハッタツクリニック,一般診療所,福井県福井市北四ツ居 2丁目14-1409,0776-54-9600,アレルギー科、小児科、精神科,0,36.06701499,136.2480602,
185,広瀬眼科,ヒロセガンカ,一般診療所,福井県福井市高木中央２丁目２５１５,0776-50-2759,眼科,0,36.09325722,136.2368441,
186,ヒロセクリニック,ヒロセクリニック,一般診療所,福井県福井市大手 2丁目4-26 白沢ビル3階,0776-21-2456,精神科、心療内科,0,36.06361126,136.2234349,
187,福井アットホームクリニック,フクイアットホームクリニック,一般診療所,福井県福井市福井市里別所新町６１４　第２ＨＫハウス２１０号室,070-9167-9253,内科、小児科,0,36.08876,136.19798,
188,ふくい輝クリニック,フクイカガヤキクリニック,一般診療所,福井県福井市大願寺２丁目９－１６,0776-50-2510,婦人科,0,36.08432785,136.2288703,
189,福井県健康管理協会巡回診療所,フクイケンケンコウカンチリキョウカイジュカイシンリョウショ,一般診療所,福井県福井市真栗町４７-４８,0776-98-8000,内科、外科、婦人科、放射線科,0,36.01480912,136.1394864,
190,福井県こども急患センター,フクイケンコドモキュウカンセンター,一般診療所,福井県福井市城東４丁目１４－３０,0776-26-8800,小児科,0,36.05897506,136.23717,
191,福井県農業会館診療所,フクイケンノウギョウカイカンシンリョウショ,一般診療所,福井県福井市大手 3丁目2-18 農業会館6階,0776-27-8290,内科、呼吸器内科、消化器内科、外科,0,36.06344595,136.2211534,
192,福井心のクリニック,フクイココロノクリニック,一般診療所,福井県福井市手寄1丁目4番1号AOSSA 2階,0776-25-7777,神経内科、精神科,0,36.06057816,136.2234614,
193,福井市医師会住民健診センター巡回診療所,フクイシイシカイジュウミンケンシセンタージュンカイシンリョウショ,一般診療所,福井県福井市大願寺３丁目４番１０号,0776-22-8467,内科,0,36.08180791,136.2270904,
194,福井市休日急患センター,フクイシキュウジツキュウカンセンター,一般診療所,福井県福井市城東 4-14-30,0776-22-2099,内科,0,36.05897506,136.23717,
195,福井市健康管理センター,フクイシケンコウカンリセンター,一般診療所,福井県福井市城東 4-14-30,0776-28-1256,内科、小児科、産婦人科、その他の科(歯科),0,36.05897506,136.23717,
196,福井市職員診療所,フクイシショクインシンリョウジョ,一般診療所,福井県福井市大手 3-10-1,0776-20-5375,内科,0,36.06405217,136.2190096,
197,福井市保健所,フクイシホケンジョ,一般診療所,福井県福井市西木田２丁目８－８福井健康福祉センター内,0776-33-5182,内科、小児科,0,36.05462928,136.2138418,
198,福井市美山診療所,ﾌｸｲｼﾐﾔﾏｼﾝﾘｮｳｼﾞｮ,一般診療所,福井県福井市美山町 7-1,0776-90-1160,内科、リハビリテーション科,0,35.99871316,136.3606819,
199,福井総合クリニック,フクイソウゴウクリニック,一般診療所,福井県福井市新田塚 1丁目42-1,0776-21-1300,内科、呼吸器内科、循環器内科、消化器内科、腎臓内科、神経内科、糖尿病内科、皮膚科、アレルギー科、リウマチ科、小児科、外科、呼吸器外科、消化器外科、泌尿器科、肛門外科、脳神経外科、整形外科、形成外科、眼科、耳鼻いんこう科、産婦人科、リハビリテーション科、放射線科、麻酔科、歯科、歯科口腔外科、その他の科(内分泌内科),19,36.09274511,136.2055764,
200,ふくい内視鏡・胃腸クリニック,フクイナイシキョウイチョウクリニック,一般診療所,福井県福井市宝永１丁目３５－１２,0776-50-0127,内視鏡内科、消化器内科、内科,0,36.070775,136.228913,
201,ふくいはるえ内科・泌尿器科クリニック,フクイハルエナイカヒニョウキカクリニック,一般診療所,福井県福井市栗森２丁目１０６,0776-58-2986,内科・泌尿器科・腎臓内科,0,36.118646,136.237567,
202,ふくい南アイクリニック,フクイミナミアイクリニック,一般診療所,福井県福井市下馬 3丁目1815番地,0776-36-5278,眼科,0,36.03917599,136.236945,
203,福島泌尿器科医院,フクシマヒニョウキカイイン,一般診療所,福井県福井市新田塚町 408,0776-25-1213,内科、泌尿器科、その他の科(人工透析内科),15,36.08824881,136.2117171,
204,ふくのレディースクリニック,フクノレディースクリニック,一般診療所,福井県福井市開発５丁目６０６,0776-52-3600,婦人科,0,36.08683245,136.2397715,
205,福山医院,フクヤマイイン,一般診療所,福井県福井市安原町 1-11-1,0776-41-0027,内科、アレルギー科、リウマチ科、小児科、呼吸器科、胃腸科、循環器科,0,36.0167813,136.2756003,
206,ふじい眼科クリニック,フジイガンカクリニック,一般診療所,福井県福井市二の宮 2丁目27-28,0776-23-2211,眼科,0,36.08753087,136.2216471,
207,ふじさわ小児科医院,フジサワショウニカイイン,一般診療所,福井県福井市和田中町 110-20,0776-24-1310,内科、アレルギー科、小児科,0,36.04531842,136.2522132,
208,藤田医院,フジタイイン,一般診療所,福井県福井市小幡町 3-26-1,0776-85-1020,内科、小児科、消化器科、循環器科、その他の科(理学診療科),0,36.14096698,136.1230031,
209,舟橋内科クリニック,フナバシナイカクリニック,一般診療所,福井県福井市舟橋1丁目110,0776-54-6565,内科、小児科、消化器科、循環器科,0,36.09900158,136.225907,
210,文京内科クリニック,ブンキョウナイカクリニック,一般診療所,福井県福井市文京 1-29-6,0776-27-0272,内科、呼吸器内科、循環器内科,0,36.0779098,136.2246559,
211,ホーカベレディースクリニック,ホーカベレディースクリニック,一般診療所,福井県福井市左内町 10号11番地,0776-36-0665,小児科、産科、婦人科,19,36.05918704,136.2121764,
212,北陸電力株式会社福井診療所,ホクリクデンリョクフクイシンリョウショ,一般診療所,福井県福井市日之出 1丁目4-1,0776-29-6964,内科,0,36.063189,136.225195,
213,細川内科クリニック,ホソカワナイカクリニック,一般診療所,福井県福井市花堂中 2丁目2番7号,0776-36-2200,内科,0,36.03920118,136.2132543,
214,細川泌尿器科医院,ホソカワヒニョウキカイイン,一般診療所,福井県福井市花堂中 2-18-2,0776-36-3200,泌尿器科,0,36.03857483,136.2132116,
215,ほたるの杜　医務室,ホタルノモリ　イムシツ,一般診療所,福井県福井市羽坂町３３－１－１,0776-37-0115,内科,0,36.06030103,136.136519,
216,ほり小児科クリニック,ホリショウニカクリニック,一般診療所,福井県福井市高柳３丁目３２０１番地,0776-60-0101,小児科,0,36.09748749,136.240379,
217,本定医院,ホンジョウイイン,一般診療所,福井県福井市上中町 52-2-4,0776-54-2321,内科、小児科、呼吸器科、消化器科、循環器科,0,36.08678782,136.2738731,
218,本多整形外科医院,ホンダセイケイゲカイイン,一般診療所,福井県福井市南四ツ居1丁目 3-10,0776-53-5566,リウマチ科、整形外科、リハビリテーション科、麻酔科,0,36.06295677,136.2433215,
219,本多レディースクリニック,ホンダレディースクリニック,一般診療所,福井県福井市宝永 4丁目2番18号,0776-24-6800,小児科、産科、婦人科,17,36.0672675,136.2196535,
220,前川医院,マエガワイイン,一般診療所,福井県福井市東郷二ケ町 29-25,0776-41-0113,内科、小児科、外科、整形外科,0,36.01669592,136.2710495,
221,牧田心療内科クリニック,マキタシンリョウナイカクリニック,一般診療所,福井県福井市大手3-1-1　システム大手ビル２階,0776-30-0160,精神科、心療内科,0,36.06279987,136.2211047,
222,まきレディースクリニック,マキレディースクリニック,一般診療所,福井県福井市新田塚町 101,0776-22-8989,内科、婦人科,0,36.08813008,136.2147252,
223,まつだ眼科,マツダガンカ,一般診療所,福井県福井市文京 6丁目28-7,0776-89-1846,眼科,0,36.07753374,136.2008341,
224,松田小児科クリニック,マツダショウニカクリニック,一般診療所,福井県福井市町屋 2丁目9-21,0776-21-7215,小児科,0,36.07907708,136.2289458,
225,まつだ内科クリニック,マツダナイカクリニック,一般診療所,福井県福井市町屋 2-5-25,0776-21-6550,内科、消化器内科、外科、その他の科(内視鏡内科、肝臓内科),0,36.07775095,136.2290477,
226,まつむら眼科クリニック,マツムラガンカクリニック,一般診療所,福井県福井市上北野 1丁目25-19,0776-53-8878,眼科,2,36.06380447,136.2524255,
227,松村皮膚科医院,マツムラヒフカイイン,一般診療所,福井県福井市学園 1丁目1の16,0776-24-4636,皮膚科,0,36.07086737,136.2020276,
228,まるた皮ふ科クリニック,マルタヒフカクリニック,一般診療所,福井県福井市石盛１丁目１８３０,0776-58-7166,皮膚科、アレルギー科,0,36.11548568,136.2290019,
229,三崎医院,ミサキイイン,一般診療所,福井県福井市左内町 8-9,0776-35-0451,内科、リウマチ科、小児科、心療内科、整形外科、リハビリテーション科,0,36.05848991,136.2134908,
230,三崎胃腸科クリニック,ミサキイチョウカクリニック,一般診療所,福井県福井市順化 2-24-19,0776-24-1318,内科、外科、消化器科、整形外科,0,36.06674442,136.2138266,
231,みさわクリニック,ミサワクリニック,一般診療所,福井県福井市舟橋黒竜 1丁目119番地,0776-97-8338,内科、循環器内科、その他の科(心臓内科),0,36.09885072,136.2155929,
232,三井皮膚科医院,ミツイヒフカイイン,一般診療所,福井県福井市江守中 1丁目1002-1003,0776-34-5710,皮膚科,0,36.03608285,136.1958956,
233,みねぎし皮ふ科形成外科,ミネギシヒフカケイセイゲカ,一般診療所,福井県福井市開発４丁目４０１－１,0776-43-3150,形成外科、皮膚科、美容皮膚科、美容外科,0,36.084704,136.238526,
234,みのり眼科,ミノリガンカ,一般診療所,福井県福井市みのり3丁目2-27,0776-34-3050,眼科,0,36.05190663,136.2089066,
235,三船内科クリニック,ミフネナイカクリニック,一般診療所,福井県福井市北四ツ居３丁目３番１６号,0776-53-0110,内科,0,36.06827031,136.2435652,
236,宮地内科,ミヤジナイカ,一般診療所,福井県福井市花月 2丁目9-3,0776-30-0011,内科、胃腸内科,0,36.06815837,136.20879,
237,むかい心療内科クリニック,ムカイシンリョウナイカクリニック,一般診療所,福井県福井市木田 3丁目2402 アクアロードビル2F,0776-33-3088,精神科、心療内科,0,36.04433244,136.226542,
238,むとう眼科医院,ムトウガンカイイン,一般診療所,福井県福井市花堂南 2丁目4-10,0776-33-6102,眼科,0,36.0349162,136.2114959,
239,むらきた内科,ムラキタナイカ,一般診療所,福井県福井市新田塚町 720-1,0776-27-5001,内科、消化器科、胃腸科,0,36.08922856,136.2092013,
240,メンタルクリニックもりた,メンタルクリニックモリタ,一般診療所,福井県福井市定正町１３０８,0776-55-1377,心療内科、精神科,0,36.11939283,136.2191599,
241,森川医院,モリカワイイン,一般診療所,福井県福井市下森田桜町６－６,0776-56-0053,内科、循環器内科、小児科,0,36.1111055,136.2279938,
242,森川内科クリニック,モリカワナイカクリニック,一般診療所,福井県福井市高木北 1丁目704,0776-53-7570,内科、小児科、胃腸科,0,36.09801125,136.2297675,
243,やしろファミリークリニック,ヤシロファミリークリニック,一般診療所,福井県福井市渕 2丁目1006番地,0776-33-5533,内科、アレルギー科、小児科,0,36.04256,136.188738,
244,安井医院,ヤスイイイン,一般診療所,福井県福井市松本 2丁目11-6,0776-22-3136,内科、小児科、循環器科,0,36.07234533,136.2266526,
245,やすとみ内科医院,ヤストミナイカイイン,一般診療所,福井県福井市大手３丁目７－１　福井県繊協ビル２階,0776-22-6686,内科、糖尿病内科,0,36.06320724,136.2181264,
246,安原医院,ヤスハライイン,一般診療所,福井県福井市東郷二ケ町 36-26,0776-41-0018,内科、小児科、呼吸器科、消化器科、循環器科,0,36.01568516,136.2741552,
247,八代皮フ科クリニック,ヤツシロヒフカクリニック,一般診療所,福井県福井市大宮２－３－３２,0776-22-2144,皮膚科、形成外科,0,36.081071,136.221355,
248,山内整形外科,ヤマウチセイケイゲカ,一般診療所,福井県福井市大宮 4丁目13番18号,0776-26-1160,リウマチ科、整形外科、リハビリテーション科,19,36.08221639,136.2079563,
249,山岸眼科クリニック,ヤマギシガンカクリニック,一般診療所,福井県福井市四ツ井 1丁目4-1,0776-53-7115,眼科,0,36.06672047,136.2349667,
250,山村医院,ヤマムライイン,一般診療所,福井県福井市三十八社町 101-11,0776-38-5133,内科、小児科,0,36.00169637,136.1890045,
251,山本医院,ヤマモトイイン,一般診療所,福井県福井市志比口1丁目3-5,0776-54-5136,内科、皮膚科、循環器科,0,36.07069051,136.2336898,
252,山本こあらクリニック,ヤマモトコアラクリニック,一般診療所,福井県福井市高柳 1-803,0776‐52‐8733,アレルギー科、耳鼻いんこう科,0,36.09233369,136.2420341,
253,養護老人ホーム　一乗ふれ愛園　医務室,ヨウゴロウジンホーム　イチジョウフレアイエン　イムシツ,一般診療所,福井県福井市小稲津町102-3,0776-41-0131,内科、循環器内科、皮膚科,0,36.03641372,136.2358266,
254,吉田医院,ヨシダイイン,一般診療所,福井県福井市照手 1丁目13-3,0776-24-1230,内科、皮膚科、アレルギー科、外科、乳腺外科、泌尿器科、その他の科(漢方内科),0,36.06620419,136.2104005,
255,吉村医院,ヨシムライイン,一般診療所,福井県福井市北四ツ居 2-１8-31,0776-53-8880,内科、皮膚科、アレルギー科、小児科、リハビリテーション科、その他の科(漢方内科),0,36.06595616,136.2483053,
256,Luna.S Clinic,ルーナエス　クリニック,一般診療所,福井県福井市高柳２－１３０１　レインボービル３Ｆ,0776-53-5310,形成外科、美容外科、その他の科(美容皮膚科),0,36.09771115,136.246783,
257,六条ホームやわらぎ医務室,ロクジョウホームヤワラギイムシツ,一般診療所,福井県福井市下六条町 217-4,0776-41-8600,内科,0,36.03665491,136.2342316,
258,わかば内科クリニック,ワカバナイカクリニック,一般診療所,福井県福井市二の宮2-30-14,0776-23-0884,内科、呼吸器内科,0,36.08727361,136.2259693,
259,愛歯科,アイシカ,歯科診療所,福井県福井市石盛１丁目１６２５番地,0776-56-2444,歯科、小児歯科、歯科口腔外科,0,36.11622359,136.2297718,
260,Ai　Dental  Clinic,アイデンタルクリニック,歯科診療所,福井県福井市手寄 1丁目4-1 アオッサ2F,0776-43-0210,歯科、歯科口腔外科,0,36.06057816,136.2234614,
261,青木歯科医院,アオキシカイイン,歯科診療所,福井県福井市中央 1-10-8,0776-23-1022,歯科、小児歯科、歯科口腔外科,0,36.06098823,136.2211519,
262,あおば歯科,アオバシカ,歯科診療所,福井県福井市みのり 3丁目2-21,0776-33-0900,小児歯科、歯科口腔外科,0,36.05198419,136.2096449,
263,淺井歯科医院,アサイシカイイン,歯科診療所,福井県福井市大宮 2丁目25-29 クリエイションハウスC号,0776-29-1117,歯科、小児歯科,0,36.08322988,136.2211561,
264,いくた歯科医院,イクタシカイイン,歯科診療所,福井県福井市木田町 2510,0776-34-8020,歯科、小児歯科,0,36.04427122,136.220032,
265,池上歯科医院,イケガミシカイイン,歯科診療所,福井県福井市経田 1-402,0776-27-0118,歯科,0,36.08845955,136.2239441,
266,池田歯科医院,イケダシカイイン,歯科診療所,福井県福井市順化 1-22-12,0776-25-0225,歯科,0,36.06627089,136.2173638,
267,いたつデンタルクリニック,イタツデンタルクリニック,歯科診療所,福井県福井市花堂中 2丁目1-8,0776-34-0118,歯科、矯正歯科、小児歯科、歯科口腔外科、その他の科,0,36.03909328,136.2138013,
268,一般社団法人福井県歯科医師会立福井口腔保健センター,イッパンシャダンホウジンフクイケンシカイシカイリツフクイコウクウホケンセンター,歯科診療所,福井県福井市大願寺 3-4-1,0776-28-3055,歯科,0,36.08197082,136.2277023,
269,伊東歯科,イトウシカ,歯科診療所,福井県福井市春山 2丁目1-1,0776-25-0052,歯科,0,36.06724014,136.2154239,
270,伊藤歯科クリニック,イトウシカクリニック,歯科診療所,福井県福井市板垣 3丁目601 ITOビル2F,0776-33-7770,歯科,0,36.04732922,136.2320379,
271,医療法人　上田歯科医院,イリョウホウジン　ウエダシカイイン,歯科診療所,福井県福井市灯明寺 1丁目411番地,0776-25-1170,歯科、小児歯科、歯科口腔外科,0,36.09015178,136.2124969,
272,医療法人カトウ矯正歯科,イリョウホウジンカトウキョウセイシカ,歯科診療所,福井県福井市大手 2丁目18-12,0776-28-1118,矯正歯科,0,36.06634881,136.2228489,
273,医療法人川栄歯科医院,イリョウホウジンカワエイシカイイン,歯科診療所,福井県福井市円成寺町8-30,41-0772,歯科、矯正歯科、小児歯科、歯科口腔外科,0,36.01886889,136.2584128,
274,医療法人矯正歯科誠クリニック,イリョウホウジンキョウセイシカマコトクリニック,歯科診療所,福井県福井市松本 4丁目11番1号,0776-22-4187,矯正歯科,0,36.07287262,136.2189707,
275,医療法人五大清歯会工大前清水歯科医院,イリョウホウジンゴダイセイシカイコウダイマエシミズシカイイン,歯科診療所,福井県福井市光陽 4丁目3-26,0776-22-4122,歯科、矯正歯科、小児歯科、歯科口腔外科,0,36.0678271,136.1941795,
276,医療法人　島矯正歯科,イリョウホウジンシマキョウセイシカ,歯科診療所,福井県福井市中央 1丁目21-22,0776-23-1187,矯正歯科,0,36.06016229,136.2191614,
277,医療法人社団仁秀会　早川歯科医院,イリョウホウジンシャダンニシュウカイ　ハヤカワシカイイン,歯科診療所,福井県福井市文京 3丁目27-12,0776-25-7733,歯科、矯正歯科、小児歯科、歯科口腔外科,0,36.07947092,136.2115489,
278,医療法人橋本歯科医院,イリョウホウジンハシモトシカイイン,歯科診療所,福井県福井市浅水三ケ町 5-27-2,0776-38-7100,歯科、矯正歯科、小児歯科,0,35.9974858,136.195539,
279,医療法人平泉歯科医院,イリョウホウジンヒライズミシカイイン,歯科診療所,福井県福井市板垣 5丁目908,0776-36-7144,歯科,0,36.04462386,136.2302887,
280,医療法人御幸歯科クリニック,イリョウホウジンミユキシカクリニック,歯科診療所,福井県福井市御幸 3丁目16-34,0776-28-5280,歯科、矯正歯科、小児歯科、歯科口腔外科,0,36.05437234,136.2369319,
281,岩井歯科医院,イワイシカイイン,歯科診療所,福井県福井市日之出 2丁目15-16,0776-24-2600,歯科、小児歯科,0,36.06393313,136.2287615,
282,岩佐歯科医院,イワサシカイイン,歯科診療所,福井県福井市日光 2丁目26-1,0776-27-0003,歯科、小児歯科、歯科口腔外科,0,36.07115263,136.1991522,
283,いわた歯科クリニック,イワタシカクリニック,歯科診療所,福井県福井市東森田４－７２５,0776-56-4418,歯科、矯正歯科、小児歯科、歯科口腔外科,0,36.12089076,136.2524401,
284,うさみ歯科医院,ウサミシカイイン,歯科診療所,福井県福井市新保北 1丁目303番地,0776‐52‐0118,矯正歯科、小児歯科、歯科口腔外科、その他の科(一般歯科),0,36.08746337,136.2493165,
285,うちやま歯科クリニック,ウチヤマシカクリニック,歯科診療所,福井県福井市円山 1丁目106,0776-97-5011,歯科、小児歯科,0,36.07198726,136.2449843,
286,梅田歯科医院,ウメダシカイイン,歯科診療所,福井県福井市渕 3丁目1017番地,0776-34-5666,歯科、小児歯科、歯科口腔外科,0,36.03997317,136.1879457,
287,うらやま歯科,ウラヤマシカ,歯科診療所,福井県福井市二の宮 2丁目29-18,0776-25-0648,歯科,0,36.08762424,136.225345,
288,エルム歯科室,エルムシカシツ,歯科診療所,福井県福井市新田塚 2丁目32番18号,0776-20-7700,歯科、小児歯科,0,36.08904481,136.203653,
289,大手グリーン歯科,オオテグリーンシカ,歯科診療所,福井県福井市大手２丁目３番１号　三の丸ビル１階,0776-30-6480,歯科、矯正歯科、小児歯科、歯科口腔外科,0,36.06423235,136.2239687,
290,おおのや歯科医院,オオノヤシカイイン,歯科診療所,福井県福井市大森町 6-9,0776-98-3518,歯科,0,36.02149783,136.1180856,
291,大橋歯科医院,オオハシシカイイン,歯科診療所,福井県福井市新保 2丁目501,0776-52-0084,歯科、小児歯科,0,36.07902576,136.249745,
292,大森歯科医院,オオモリシカイイン,歯科診療所,福井県福井市文京 4-9-1,0776-27-7171,歯科、歯科口腔外科,0,36.0758281,136.2102967,
293,おおわだ歯科,オオワダシカ,歯科診療所,福井県福井市大和田 2丁目1212 エルパ2F,0776-57-2631,歯科、小児歯科、歯科口腔外科,0,36.09573502,136.250306,
294,オカダ歯科医院,オカダシカイイン,歯科診療所,福井県福井市日之出 5丁目6-1,0776-52-5300,歯科、小児歯科,0,36.06539978,136.2314522,
295,荻原歯科医院,オギハラシカイイン,歯科診療所,福井県福井市大手 3丁目8番11号,0776-26-3312,歯科、小児歯科,0,36.06423504,136.2178958,
296,長内歯科クリニック,オサナイシカクリニック,歯科診療所,福井県福井市高木北 2丁目1105番地5,0776-97-8148,歯科、小児歯科、歯科口腔外科,0,36.09928199,136.2327225,
297,おひさま歯科クリニック,オヒサマシカクリニック,歯科診療所,福井県福井市高木町56-13-6,0776-54-8511,歯科、小児歯科,0,36.09771103,136.2289498,
298,かおる矯正歯科クリニック,カオルキョウセイシカクリニック,歯科診療所,福井県福井市二の宮 3丁目6-8,0776-89-1848,矯正歯科,0,36.0837473,136.2166616,
299,かが歯科クリニック,カガシカクリニック,歯科診療所,福井県福井市毛矢３丁目７－６,0776-33-7435,歯科,0,36.05753308,136.2121465,
300,学園デンタルオフィス,ガクエンデンタルオフィス,歯科診療所,福井県福井市学園 1-1-20,0776-26-7730,歯科、小児歯科、歯科口腔外科,0,36.07090507,136.2024313,
301,加藤歯科医院,カトウシカイイン,歯科診療所,福井県福井市宝永 2-12-5,0776-22-3185,歯科、小児歯科,0,36.07045412,136.2271798,
302,加藤歯科医院,カトウシカイイン,歯科診療所,福井県福井市中央 2丁目3-1,0776-22-4002,歯科,0,36.05941033,136.2202419,
303,川島歯科医院,カワシマシカイイン,歯科診療所,福井県福井市三留町 14-11-4,0776-98-4752,歯科,0,36.03717677,136.1523035,
304,矯正歯科医院みねた,キョウセイシカイインミネタ,歯科診療所,福井県福井市大手 3丁目12-20 冨田第一生命ビル2階,0776-23-1180,矯正歯科,0,36.06468839,136.2183514,
305,くりもり大人こども歯科クリニック,クリモリオトナコドモシカクリニック,歯科診療所,福井県福井市栗森１丁目３０５,0776-56-0035,歯科、矯正歯科、小児歯科、歯科口腔外科,0,36.11728093,136.2429137,
306,光陽生協歯科診療所,コウヨウセイキョウシカシンリョウショ,歯科診療所,福井県福井市光陽 2丁目18-15,0776-24-8784,歯科、小児歯科,0,36.06544283,136.1979042,
307,越廼歯科診療所,コシノシカシンリョウジョ,歯科診療所,福井県福井市茱崎町1-68,0776-89-7020,歯科,0,36.039214,136.012251,
308,小林歯科医院,コバヤシシカイイン,歯科診療所,福井県福井市豊島 2丁目7の9,0776-23-6233,歯科,0,36.05778732,136.2247401,
309,近藤歯科医院,コンドウシカイイン,歯科診療所,福井県福井市みのり 3丁目21-9,0776-34-0626,歯科、小児歯科,0,36.04832568,136.209033,
310,コンドー歯科医院,コンドーシカイイン,歯科診療所,福井県福井市開発 4-306,0776-53-2828,歯科、矯正歯科,0,36.08385191,136.2370606,
311,さくら歯科医院,サクラシカイイン,歯科診療所,福井県福井市城東 4丁目20-14,0776-35-5157,歯科、小児歯科,0,36.05765943,136.238496,
312,ササジマ歯科医院,ササジマシカイイン,歯科診療所,福井県福井市毛矢 2-7-3,0776-34-5550,歯科、小児歯科、歯科口腔外科,0,36.05741711,136.2145042,
313,ささじま歯科医院,ササジマシカイイン,歯科診療所,福井県福井市成和 1丁目3210番,0776-24-3368,歯科、矯正歯科、小児歯科、歯科口腔外科,0,36.05228911,136.2439326,
314,さわやか矯正歯科クリニック,サワヤカキョウセイシカクリニック,歯科診療所,福井県福井市新田塚町 302番,0776-21-1888,矯正歯科,0,36.08821492,136.2136598,
315,歯科コパクリニック,シカコパクリニック,歯科診療所,福井県福井市大和田２丁目４２２番地,0776-53-8158,歯科、小児歯科,0,36.09471814,136.2478518,
316,歯科堀江医院,シカホリエイイン,歯科診療所,福井県福井市花堂南 2-5-3,0776-34-3366,歯科,0,36.03572758,136.2119083,
317,しば歯科医院,シバシカイイン,歯科診療所,福井県福井市江端町 24-21-2,0776-38-7000,歯科,0,36.02915917,136.2121118,
318,清水歯科医院,シミズシカイイン,歯科診療所,福井県福井市志比口３丁目１－５,0776-54-0550,歯科、小児歯科,0,36.07127548,136.2338805,
319,小児歯科シャノワール,ショウニシカシャノワール,歯科診療所,福井県福井市二の宮 3-16-28,0776-27-2888,小児歯科,0,36.08500932,136.2194713,
320,すがや歯科クリニック,スガヤシカクリニック,歯科診療所,福井県福井市菅谷町10-2-26,0776-63-5002,歯科、小児歯科、歯科口腔外科,0,36.07396727,136.1904996,
321,杉田歯科医院,スギタシカイイン,歯科診療所,福井県福井市福 1丁目1218,0776-35-0456,歯科,0,36.04654345,136.1892104,
322,鈴木歯科医院,スズキシカイイン,歯科診療所,福井県福井市上森田 1丁目501,0776-56-4010,歯科、矯正歯科、小児歯科、歯科口腔外科,0,36.11278292,136.2284983,
323,すすき歯科クリニック,ススキシカクリニック,歯科診療所,福井県福井市西谷２丁目２１１０,0776-36-0111,歯科、小児歯科、歯科口腔外科,0,36.03931147,136.2031448,
324,鈴木歯科クリニック,スズキシカクリニック,歯科診療所,福井県福井市二の宮 3丁目10-3,0776-22-4618,歯科、矯正歯科、小児歯科、歯科口腔外科,0,36.08383115,136.2183258,
325,スマイル歯科クリニック,スマイルシカクリニック,歯科診療所,福井県福井市中央 2丁目7-15,0776-97-9872,歯科、小児歯科,0,36.05867033,136.2181033,
326,そら歯科医院,ソラシカイイン,歯科診療所,福井県福井市高柳 3丁目3507,0776-53-6480,歯科、矯正歯科、小児歯科、歯科口腔外科,0,36.09844848,136.2400527,
327,髙垣歯科,タカガキシカ,歯科診療所,福井県福井市大宮３丁目３０－２７,0776-97-8628,歯科、小児歯科、歯科口腔外科,0,36.08277974,136.2136548,
328,高橋歯科医院,タカハシシカイイン,歯科診療所,福井県福井市大手 2-7-3,0776-24-5000,歯科、矯正歯科、小児歯科、歯科口腔外科,0,36.0627583,136.2216392,
329,たかはし歯科クリニック,タカハシシカクリニック,歯科診療所,福井県福井市経田２丁目２０１番地,0776-28-6565,歯科、矯正歯科、小児歯科、歯科口腔外科,0,36.08813853,136.219188,
330,たきなみ歯科クリニック,タキナミシカクリニック,歯科診療所,福井県福井市城東 4丁目13番41号,0776-26-0600,歯科、小児歯科,0,36.05858374,136.2369036,
331,竹沢歯科医院,タケザワシカイイン,歯科診療所,福井県福井市上中町 7-33,0776-52-2611,歯科、小児歯科,0,36.08567318,136.2702742,
332,竹下歯科,タケシタシカ,歯科診療所,福井県福井市木田 2丁目2104,0776-35-6480,歯科、矯正歯科、小児歯科、歯科口腔外科,0,36.04603882,136.2265809,
333,田中歯科クリニック,タナカシカクリニック,歯科診療所,福井県福井市経田 2丁目407,0776-29-2500,歯科、矯正歯科,0,36.08811781,136.2156634,
334,たにはた歯科クリニック,タニハタシカクリニック,歯科診療所,福井県福井市下馬 2丁目2310番地,0776-34-0418,歯科、小児歯科、歯科口腔外科,0,36.03931901,136.2376619,
335,玉井デンタルクリニック,タマイデンタルクリニック,歯科診療所,福井県福井市乾徳 4丁目4-7,0776-25-6221,歯科、矯正歯科、小児歯科、歯科口腔外科,0,36.07117664,136.2056058,
336,たまや矯正歯科,タマヤキョウセイシカ,歯科診療所,福井県福井市米松 1丁目11-1,0776-22-7945,矯正歯科,0,36.06601938,136.2399904,
337,坪田歯科医院,ツボタシカイイン,歯科診療所,福井県福井市二の宮 5-14-27,0776-27-2080,歯科、小児歯科,0,36.08590316,136.2087851,
338,遠矢歯科医院,トオヤシカイイン,歯科診療所,福井県福井市二の宮５丁目５－２５,0776-22-5772,歯科、小児歯科、歯科口腔外科,0,36.083638,136.207519,
339,栃木歯科医院,トチギシカイイン,歯科診療所,福井県福井市種池町 1-24-3,0776-35-8200,歯科,0,36.03749984,136.185359,
340,友影歯科クリニック,トモカゲシカクリニック,歯科診療所,福井県福井市大宮 3丁目1番25号,0776-22-0776,歯科、矯正歯科,0,36.08039574,136.2155567,
341,永井歯科医院,ナガイシカイイン,歯科診療所,福井県福井市若杉 2-1537,0776-36-2222,歯科、矯正歯科、小児歯科、歯科口腔外科,0,36.05662596,136.1882952,
342,なかひろ歯科クリニック,ナカヒロシカクリニック,歯科診療所,福井県福井市高木中央 3丁目816,0776-53-5040,歯科、小児歯科、歯科口腔外科,0,36.08926783,136.2384138,
343,中村歯科医院,ナカムラシカイイン,歯科診療所,福井県福井市松本 4-3-22,0776-24-2185,歯科、矯正歯科、小児歯科、歯科口腔外科,0,36.07140468,136.2189052,
344,中村歯科医院,ナカムラシカイイン,歯科診療所,福井県福井市大手 3-2-1,0776-27-0120,歯科、矯正歯科、小児歯科、歯科口腔外科,0,36.06344595,136.2211534,
345,なかむら歯科クリニック,ナカムラシカクリニック,歯科診療所,福井県福井市和田東 2丁目1528,0776-21-6480,歯科、矯正歯科、小児歯科、歯科口腔外科,0,36.0513542,136.2500451,
346,なむら歯科医院,ナムラシカイイン,歯科診療所,福井県福井市下荒井町 1-32,0776-38-3126,歯科,0,36.02492934,136.2082679,
347,西本歯科医院,ニシモトシカイイン,歯科診療所,福井県福井市石盛町 1016,0776-55-1833,歯科,0,36.11611253,136.2192325,
348,ノムデンタルクリニック,ノムデンタルクリニック,歯科診療所,福井県福井市飯塚町 30-23,0776-36-5454,歯科、小児歯科,0,36.06415904,136.1844363,
349,はじめ歯科診療所,ハジメシカシンリョウショ,歯科診療所,福井県福井市大手 2丁目7-15,0776-25-6480,歯科,0,36.06328409,136.2219011,
350,英歯科,ハナブサシカ,歯科診療所,福井県福井市手寄１丁目１０－１０,24-1357,歯科,0,36.05886942,136.2239487,
351,はまだ歯科クリニック,ハマダシカクリニック,歯科診療所,福井県福井市八重巻町 207,0776-56-4618,歯科口腔外科、歯科、矯正歯科,0,36.11518945,136.2219845,
352,はやし歯科医院,ハヤシシカイイン,歯科診療所,福井県福井市花堂南 1丁目11-34,0776-33-1118,歯科口腔外科、その他の科(歯科,0,36.03332828,136.2136335,
353,パリオ歯科なごみ,パリオシカナゴミ,歯科診療所,福井県福井市松城町12-7パリオCiTY 1F,0776-25-8818,歯科,0,36.06256303,136.2407638,
354,ヒガシダ歯科,ヒガシダシカ,歯科診療所,福井県福井市八重巻中町 20-7,0776-56-4747,歯科、小児歯科,0,36.10677535,136.2220019,
355,ひじりデンタルクリニック,ヒジリデンタルクリニック,歯科診療所,福井県福井市高木中央 2丁目701,0776‐63‐5515,歯科、小児歯科、歯科口腔外科,0,36.09325886,136.2341554,
356,平崎歯科,ヒラサキシカ,歯科診療所,福井県福井市大手 3丁目1-1 システム大手ビル2F,0776‐63‐5418,歯科、小児歯科、歯科口腔外科,0,36.06279987,136.2211047,
357,ヒロ歯科クリニック,ヒロシカクリニック,歯科診療所,福井県福井市文京 2丁目17-1,0776-25-4618,歯科、歯科口腔外科,0,36.0796379,136.2210331,
358,福井歯科医院,フクイシカイイン,歯科診療所,福井県福井市大願寺 3-9-15,0776-23-4123,歯科、小児歯科、歯科口腔外科,0,36.08435532,136.2276626,
359,福井市休日急患歯科診療所,フクイシキュウジツキュウカンシカシンリョウジョ,歯科診療所,福井県福井市大願寺３丁目４－１,0776-26-8468,歯科,0,36.08197082,136.2277023,
360,藤井歯科クリニック,フジイシカクリニック,歯科診療所,福井県福井市浅水町 106-9,0776-38-1123,歯科,0,36.00539819,136.2000065,
361,藤田歯科医院,フジタシカイイン,歯科診療所,福井県福井市四ツ井 2丁目9-18,0776-53-5006,歯科、小児歯科,0,36.06769211,136.2382372,
362,ふなばし歯科クリニック,フナバシシカクリニック,歯科診療所,福井県福井市舟橋黒竜 2丁目420,0776-27-1211,歯科、矯正歯科、小児歯科、歯科口腔外科,0,36.0994239,136.2130469,
363,文村歯科医院,フミムラシカイイン,歯科診療所,福井県福井市栄町 16-3,0776-56-1242,歯科,0,36.10771941,136.2242369,
364,文京清水歯科医院,ブンキョウシミズシカイイン,歯科診療所,福井県福井市文京 6丁目21-2,0776-24-6767,歯科,0,36.07641609,136.2007425,
365,前川歯科医院,マエガワシカイイン,歯科診療所,福井県福井市城東４丁目３－１７,0776-27-1116,歯科、小児歯科、歯科口腔外科,0,36.05765629,136.2353842,
366,松井歯科医院,マツイシカイイン,歯科診療所,福井県福井市灯明寺 1丁目2802,0776-24-0077,歯科、矯正歯科,0,36.0922153,136.2100924,
367,松下歯科医院,マツシタシカイイン,歯科診療所,福井県福井市日之出２丁目3-21,0776-21-6004,歯科、小児歯科、歯科口腔外科,0,36.061296,136.226409,
368,松田歯科医院,マツダシカイイン,歯科診療所,福井県福井市勝見 3-1-14,0776-25-0300,歯科、矯正歯科、小児歯科、歯科口腔外科,0,36.05562996,136.2303335,
369,松本歯科医院,マツモトシカイイン,歯科診療所,福井県福井市木田 2丁目1208,0776-35-6578,歯科,0,36.04517864,136.2221942,
370,丸田歯科,マルタシカ,歯科診療所,福井県福井市北四ツ居 1丁目34-21,0776‐52‐5552,歯科、小児歯科、歯科口腔外科,0,36.06490251,136.2484455,
371,三井歯科医院,ミツイシカイイン,歯科診療所,福井県福井市河増町 10-14-6,0776-52-0112,歯科,0,36.06300079,136.2546754,
372,三宅歯科医院,ミヤケシカイイン,歯科診療所,福井県福井市順化 1丁目9-21,0776-22-2795,歯科,0,36.06390852,136.2163482,
373,三好歯科,ミヨシシカ,歯科診療所,福井県福井市二の宮 4丁目23-5,0776-25-0101,歯科、矯正歯科、小児歯科,0,36.08459634,136.2143377,
374,みわ歯科クリニック,ミワシカクリニック,歯科診療所,福井県福井市志比口 2丁目11-13,0776-53-3845,歯科、矯正歯科、小児歯科、歯科口腔外科,0,36.07121409,136.2370189,
375,村井歯科,ムライシカ,歯科診療所,福井県福井市蓑町 16字大道ノ上125,0776-86-1616,歯科,0,36.12678905,136.0617789,
376,村上歯科医院,ムラカミシカイイン,歯科診療所,福井県福井市文京6-25-25,0776-50-2475,歯科、小児歯科、歯科口腔外科,0,36.07698442,136.200178,
377,村崎歯科医院,ムラサキシカイイン,歯科診療所,福井県福井市砂子坂町７－７５－１,0776-83-0033,歯科,0,36.143828,136.14782,
378,森瀬歯科医院,モリセシカイイン,歯科診療所,福井県福井市上野町 9-46,0776-83-0067,歯科、小児歯科,0,36.14293645,136.1476609,
379,森広歯科医院,モリヒロシカイイン,歯科診療所,福井県福井市順化 1丁目16-5,0776-24-5514,歯科,0,36.06474286,136.2150128,
380,森本歯科医院,モリモトシカイイン,歯科診療所,福井県福井市和田 2丁目710,0776-24-1838,歯科、矯正歯科、小児歯科、歯科口腔外科,0,36.0496736,136.2425925,
381,やしろ歯科クリニック,ヤシロシカクリニック,歯科診療所,福井県福井市渕 4丁目1113番地,0776-35-8888,歯科、小児歯科,0,36.0461205,136.184329,
382,矢部歯科医院,ヤベシカイイン,歯科診療所,福井県福井市高木中央 2丁目3508,0776-53-2371,歯科、小児歯科,0,36.09036178,136.2357096,
383,山崎歯科医院,ヤマザキシカイイン,歯科診療所,福井県福井市町屋 3丁目6-13,0776-21-6262,歯科,0,36.07763525,136.2255015,
384,山田歯科医院,ヤマダシカイイン,歯科診療所,福井県福井市北四ツ居 1丁目8-23,0776-54-8008,歯科、矯正歯科、小児歯科,0,36.06352982,136.2432031,
385,Ｙａｍａｍｏｔｏ　Ｄｅｎｔａｌ　Ｓｔｕｄｉｏ,ヤマモトデンタルスタジオ,歯科診療所,福井県福井市照手１丁目１０－２０,0776-22-5792,歯科、矯正歯科、小児歯科、歯科口腔外科,0,36.06741779,136.210595,
386,ゆき歯科クリニック,ユキシカクリニック,歯科診療所,福井県福井市羽水１－１０２－１,0776-50-6203,歯科、小児歯科、歯科口腔外科,0,36.0426755,136.2270779,
387,よしだ歯科クリニック,ヨシダシカクリニック,歯科診療所,福井県福井市八ツ島町 31-406-4,0776-30-7373,歯科、小児歯科,0,36.08235792,136.2020605,
388,リノデンタルオフィス福井,リノデンタルオフィスフクイ,歯科診療所,福井県福井市大手３丁目７番１号　福井県繊協ビル２階,0776-50-6630,歯科、矯正歯科、小児歯科、歯科口腔外科,0,36.06320724,136.2181264,
389,わかすぎ歯科クリニック,ワカスギシカクリニック,歯科診療所,福井県福井市若杉 4丁目813番地,0776-33-0003,歯科、矯正歯科、小児歯科、歯科口腔外科,0,36.05663298,136.1857107,
,コパクリニック,,,,,,,,,
,一般財団法人　日本健康増進財団　福井市地域交流プラザ内診療所,,,,,,,,,
,すこやか内科クリニック,,,,,,,,,
,三船内科クリニック,,,,,,,,,
,ひらざわ内科ハートクリニック,,,,,,,,,
,育ちのクリニック津田,,,,,,,,,
,Ｍクリニック,,,,,,,,,
,みさわクリニック,,,,,,,,,
,まつむら眼科クリニック,,,,,,,,,
,はまだ内科クリニック,,,,,,,,,
,"全国土木建築国民健康保険組合
関西健康管理センター",,,,,,,,,
,シン内視鏡・外科クリニック,,,,,,,,,
,二の宮アイビジョンクリニック,,,,,,,,,
,パークスみなみ　医務室,,,,,,,,,
,たんぽぽ苑　医務室,,,,,,,,,
,Luna.　S　Clinic,,,,,,,,,
,つながるクリニック,,,,,,,,,
,一般財団法人日本予防医学協会附属診療所　ウェルビーイング南森町,,,,,,,,,
,一般財団法人日本健康増進財団　恵比寿ハートビル診療所,,,,,,,,,
,清水内科循環器医院,,,,,,,,,
,パナソニック森田健康管理室,,,,,,,,,
,ＴＣＢ　東京中央美容外科・ＴＣＢ　スキンクリニック　福井院,,,,,,,,,
,医療法人財団　京映会　京橋クリニック,,,,,,,,,
,医療法人知音会　御池クリニック,,,,,,,,,
,医療法人社団せいおう会　愛知健診クリニック,,,,,,,,,
,エミナルクリニック福井院,,,,,,,,,
,やしろファミリークリニック,,,,,,,,,
,西ウイミンズクリニック,,,,,,,,,
,ふくい輝クリニック,,,,,,,,,
,北陸電力株式会社福井診療所,,,,,,,,,
,広瀬眼科,,,,,,,,,
,六条ホームやわらぎ医務室,,,,,,,,,
,福井アットホームクリニック,,,,,,,,,
,みねぎし皮ふ科形成外科,,,,,,,,,
,ケアラボクリニック,,,,,,,,,
,ふくい内視鏡・胃腸クリニック,,,,,,,,,
,ふくいはるえ内科・泌尿器科クリニック,,,,,,,,,
,センコー株式会社北陸支店福井営業所　日本予防医学協会診療所,,,,,,,,,
,メンタルクリニックもりた,,,,,,,,,
,木田整形外科,,,,,,,,,
,八代皮フ科クリニック,,,,,,,,,
,さくら通り整形外科クリニック,,,,,,,,,
,一般財団法人　日本健康増進財団　福井市地域交流プラザ内診療所,,,,,,,,,
,湘南美容クリニック福井院,,,,,,,,,
,舟橋内科クリニック,,,,,,,,,
,甲信越福山通運株式会社福井支店　日本予防医学協会診療所,,,,,,,,,
,ヒロセクリニック,,,,,,,,,
,けやき在宅クリニック,,,,,,,,,
