No.,住所,小学校,中学校,備考
1,明里町,足羽,光陽,
2,足谷町,本郷,川西,
3,足羽上町,足羽,明倫,
4,足羽1丁目,足羽,光陽・明倫,1～5番、8番84～88号、9～27番は光陽中学校、6～8番は明倫中学校
5,足羽2丁目,足羽,光陽,
6,足羽3丁目,足羽,光陽,
7,足羽4丁目,足羽,光陽,
8,足羽5丁目,足羽,光陽,
9,浅水三ケ町,麻生津,足羽,
10,浅水町,麻生津,足羽,
11,浅水二日町,麻生津,足羽,
12,網戸瀬町,河合,灯明寺,
13,安波賀町,一乗,足羽第一,
14,安波賀中島町,一乗,足羽第一,
15,安保町,麻生津,足羽,
16,天池町,森田,森田,
17,尼ケ谷町,殿下,清水,
18,天菅生町,大安寺,大安寺,
19,鮎川町,国見,国見,
20,荒木町,酒生,足羽第一,
21,荒木新保町,酒生,足羽第一,
22,荒木別所町,岡保,大東,
23,荒谷町,本郷,川西,
24,赤谷町,美山啓明,美山,
25,朝谷町,美山啓明,美山,
26,味見河内町,美山啓明,美山,
27,赤坂町,越廼小,越廼,
28,在田町,清水南,清水,
29,朝宮町,清水北,清水,
30,飯塚町,東安居,光陽,
31,幾久町,松本,進明,
32,幾代2丁目,松本,進明,
33,池尻町,鶉,川西,
34,生部町,上文殊,足羽第一,
35,石新保町,棗,棗,
36,石橋町,棗,棗,
37,石畠町,棗,棗,
38,石盛町,森田,森田,
39,泉田町,東藤島,大東,
40,板垣町,木田,明倫,
41,板垣1丁目,木田,明倫,
42,板垣2丁目,木田,明倫,
43,板垣3丁目,木田,明倫,
44,板垣4丁目,木田,明倫,
45,板垣5丁目,木田,明倫,
46,一王寺町,本郷,川西,
47,市ノ瀬町,棗,棗,
48,一本木町,木田,明倫,
49,糸崎町,鷹巣,鷹巣,
50,稲津町,酒生,足羽第一,
51,稲多新町,森田,森田,
52,稲多浜町,森田,森田,
53,稲多元町,森田,森田,
54,今泉町,円山,大東,
55,今市町,麻生津・清明,足羽,1～44番は麻生津小学校、45～66番は清明小学校
56,岩倉町,上文殊,足羽第一,
57,印田町,岡保,大東,
58,市波町,下宇坂,美山,
59,居倉町,越廼,越廼,
60,上野町,鶉,川西,
61,上伏町,西藤島,藤島,
62,羽水1丁目,木田,明倫,
63,羽水2丁目,木田,明倫,
64,羽水3丁目,木田,明倫,
65,内山梨子町,鶉,川西,
66,上野本町新,森田,森田,
67,馬垣町,木田,明倫,
68,運動公園1丁目,社西,社,
69,運動公園2丁目,社西,社,
70,運動公園3丁目,社西,社,
71,運動公園4丁目,社西,社,
72,謡谷町,殿下,清水,
73,宇坂大谷町,下宇坂,美山,
74,宇坂別所町,下宇坂,美山,
75,獺ケ口町,下宇坂,美山,
76,江上町,鶉,川西,
77,江尻ケ丘町,麻生津,足羽,
78,江端町,清明,足羽,
79,海老助町,西藤島,藤島,
80,江守中町,社南,至民,
81,江守中1丁目,社南,至民,
82,江守中2丁目,社南,至民,
83,江守の里1丁目,社南,至民,
84,江守の里2丁目,社南,至民,
85,円山1丁目,円山,大東,
86,円山2丁目,円山,大東,
87,円成寺町,東郷,足羽第一,
88,大窪町,鷹巣,鷹巣,
89,大島町,清明・社南,足羽,大島台の一部は社南小学校
90,大瀬町,東安居,光陽,
91,太田町,文殊,足羽,
92,大谷町,本郷,川西,
93,大手1丁目,順化,明道,
94,大手2丁目,順化,明道,
95,大手3丁目,順化,明道,
96,大年町,本郷,川西,
97,大土呂町,文殊,足羽,
98,大町,木田,明倫,
99,大町1丁目,木田,明倫,
100,大町2丁目,木田,明倫,
101,大宮1丁目,松本,進明・明道,1～2番、4～12番は進明中学校、3番は明道中学校
102,大宮2丁目,春山・松本,進明・明道,1～4番、5番32～45号、9～19番、24～28番は松本小学校、明道中学校、5番7～31号、6～8番は春山小学校、明道中学校、20～23番は松本小学校、進明中学校
103,大宮3丁目,春山,明道,
104,大宮4丁目,春山,明道,
105,大宮5丁目,日新,藤島,
106,大宮6丁目,日新,藤島,
107,大村町,上文殊,足羽第一,
108,大矢町,殿下,清水,
109,大和田町,東藤島,大東,
110,大和田1丁目,東藤島,大東,
111,大和田2丁目,東藤島,大東,
112,岡西谷町,岡保,大東,
113,奥平町,本郷,川西,
114,恐神町,安居,安居,
115,大丹生町,国見,国見,
116,大畑町,岡保,大東,
117,小山谷町,足羽,光陽,
118,大久保町,下宇坂,美山,
119,大宮町,羽生,美山,
120,小当見町,美山啓明,美山,
121,折立町,美山啓明,美山,
122,大味町,越廼,越廼,
123,大森町,清水西,清水,
124,小羽町,清水東,清水,
125,開発町,啓蒙,進明,
126,開発1丁目,啓蒙,進明・大東,101～2199番は進明中学校、2201～2699番は大東中学校
127,開発2丁目,啓蒙,進明,
128,開発3丁目,啓蒙,進明・大東,101～3399番は進明中学校、3401～3699番は大東中学校
129,開発4丁目,啓蒙,進明,
130,開発5丁目,啓蒙,進明,
131,柿谷町,本郷,川西,
132,花月1丁目,湊,光陽,
133,花月2丁目,湊,光陽,
134,花月3丁目,湊,光陽,
135,花月4丁目,湊,光陽,
136,花月5丁目,湊,光陽,
137,風尾町,殿下,清水,
138,春日町,木田,明倫,
139,春日1丁目,木田,明倫,
140,春日2丁目,木田,明倫,
141,春日3丁目,木田,明倫,
142,勝見1丁目,旭,成和,
143,勝見2丁目,旭,成和,
144,勝見3丁目,旭・和田,成和,1～5番、14～16番は旭小学校、6～13番、17～25番は和田小学校
145,鹿俣町,一乗,足羽第一,
146,金屋町,東安居,光陽,
147,主計中町,麻生津,足羽,
148,上莇生田町,六条,足羽第一,
149,上一光町,安居,安居,
150,上江尻町,麻生津,足羽,
151,上北野1丁目,和田,成和,
152,上北野2丁目,和田,成和,
153,上河北町,文殊,足羽第一,
154,上東郷町,東郷,足羽第一,
155,上中町,東藤島,大東,
156,上毘沙門町,東郷,足羽第一,
157,上細江町,文殊,足羽第一,
158,上森田町,森田,森田,
159,上森田1丁目,森田,森田,
160,上森田2丁目,森田,森田,
161,上森田3丁目,森田,森田,
162,上森田4丁目,森田,森田,
163,上森田5丁目,森田,森田,
164,上六条町,六条,足羽第一,
165,学園1丁目,湊,光陽,
166,学園2丁目,湊,光陽,
167,学園3丁目,湊・東安居,光陽,1～5番は湊小学校、6～7番は東安居小学校
168,加茂河原町,社北,社,
169,加茂河原1丁目,社北,社,
170,加茂河原2丁目,社北,社,
171,加茂河原3丁目,社北,社,
172,加茂河原4丁目,社北,社,
173,加茂緑苑町,社北,社,
174,河合勝見町,河合,灯明寺,
175,河合寄安町,森田,森田,
176,川合鷲塚町,河合,灯明寺,
177,川尻町,棗,棗,
178,篭谷町,美山啓明,美山,
179,神当部町,美山啓明,美山,
180,風巻町,清水南,清水,
181,片粕町,清水北,清水,
182,片山町,清水南,清水,
183,上天下町,清水東,清水,
184,加茂町,清水西,清水,
185,加茂内町,清水西,清水,
186,岸水町,大安寺,大安寺,
187,北今泉町,円山,大東,
188,北菅生町,長橋,鷹巣,
189,北楢原町,大安寺,大安寺,
190,北野上町,東藤島,大東,
191,北野下町,東藤島,大東,
192,北山新保町,上文殊,足羽第一,
193,北山町,上文殊,足羽第一,
194,北四ッ居町,円山,大東,
195,北四ッ居1丁目,円山,大東,
196,北四ッ居2丁目,円山,大東,
197,北四ッ居3丁目,円山,大東,
198,狐橋1丁目,社北,社,
199,狐橋2丁目,社北,社,
200,木田町,木田,明倫,
201,木田1丁目,木田,明倫,
202,木田2丁目,木田,明倫,
203,木田3丁目,木田,明倫,
204,城戸ノ内町,一乗,足羽一,
205,木下町,鶉,川西,
206,経栄1丁目,松本,明道,
207,経田1丁目,松本・明新,明道,101～1004番、1404～1414番は松本小学校、1101～1403番、1415～1420番、1501～1605番は明新小学校
208,経田2丁目,明新,明道,
209,木米町,本郷,川西,
210,北堀町,安居,安居,
211,久喜津町,社西,社,
212,串野町,鶉,川西,
213,国見町,国見,国見,
214,国山町,殿下,清水,
215,黒丸町,西藤島,藤島,
216,黒丸城町,鶉,川西,
217,栗森町浜,森田,森田,
218,蔵作町,美山啓明,美山,
219,茱崎町,越廼,越廼,
220,グリーンハイツ1丁目,清水北,清水,
221,グリーンハイツ2丁目,清水北,清水,
222,グリーンハイツ3丁目,清水北,清水,
223,グリーンハイツ4丁目,清水北,清水,
224,グリーンハイツ5丁目,清水北,清水,
225,グリーンハイツ6丁目,清水北,清水,
226,グリーンハイツ7丁目,清水北,清水,
227,グリーンハイツ8丁目,清水北,清水,
228,グリーンハイツ9丁目,清水北,清水,
229,グリーンハイツ10丁目,清水北,清水,
230,毛矢1丁目,足羽・豊,明倫,1～6番、7番19～23号、8番1～5号、23～25号、9番は足羽小学校、7番1～18号、24～26号、8番6～22号、10番は豊小学校
231,毛矢2丁目,足羽・豊,明倫,1～8番、9番1～5号、19～25号、10番1～6号、19～28号は足羽小学校、9番6～18号、10番7～18号、11番は豊小学校
232,毛矢3丁目,足羽,明倫,
233,下馬1丁目,木田,明倫,
234,下馬2丁目,木田,明倫,
235,下馬3丁目,木田,明倫,
236,乾徳1丁目,日新,藤島,
237,乾徳2丁目,日新,藤島,
238,乾徳3丁目,日新,藤島,
239,乾徳4丁目,日新,藤島,
240,堅達町,岡保,大東,
241,玄正島町,東藤島,大東,
242,小稲津町,六条,足羽第一,
243,河水町,岡保,大東,
244,河内町,本郷,川西,
245,河増町,円山,大東,
246,光陽1丁目,湊,光陽,
247,光陽2丁目,湊,光陽,
248,光陽3丁目,湊,光陽,
249,光陽4丁目,東安居,光陽,
250,郡町,西藤島,藤島,
251,小尉町,鶉,川西,
252,小丹生町,国見,国見,
253,小野町,鶉,川西,
254,小幡町,棗,棗,
255,合島町,岡保,大東,
256,合谷町,社南,至民,
257,御所垣内町,鶉,川西,
258,五太子町,安居,安居,
259,小宇坂町,美山啓明,美山,
260,小宇坂島町,美山啓明,美山,
261,小和清水町,下宇坂,美山,
262,甑谷町,清水南,清水,
263,御油町,清水南,清水,
264,栄町,森田,森田,
265,坂下町,岡保,大東,
266,定正町,森田,森田,
267,里別所町,西藤島,藤島,
268,左内町,足羽,明倫,
269,佐野町,鶉,川西,
270,三郎丸町,西藤島,藤島,
271,里別所新町,明新,藤島,
272,三郎丸1丁目,西藤島,藤島,
273,三郎丸2丁目,西藤島,藤島,
274,三郎丸3丁目,西藤島,藤島,
275,三郎丸4丁目,西藤島,藤島,
276,更毛町,安居,安居,
277,三十八社町,麻生津,足羽,
278,三本木町,麻生津,足羽,
279,境寺町,美山啓明,美山,
280,皿谷町,美山啓明,美山,
281,三万谷町,下宇坂,美山,
282,笹谷町,清水西,清水,
283,宿布町,酒生,足羽第一,
284,重立町,東藤島,大東,
285,四十谷町,大安寺,大安寺,
286,篠尾町,酒生,足羽第一,
287,志比口1丁目,日之出,進明,
288,志比口2丁目,日之出,進明,
289,志比口3丁目,日之出,進明,
290,島橋町,東藤島,大東,
291,島山梨子町,鶉,川西,
292,清水平町,本郷,川西,
293,下東郷町,東郷・文殊,足羽第一,2～3番は文殊小学校
294,下六条町,六条,足羽第一,
295,下毘沙門町,東郷,足羽第一,
296,下細江町,文殊,足羽第一,
297,下森田町,森田,森田,
298,下森田桜町,森田,森田,
299,下森田新町,森田,森田,
300,下森田藤巻町,森田,森田,
301,下森田本町,森田,森田,
302,城東1丁目,旭・日之出,成和,1～8番は旭小学校、9～18番は日之出小学校
303,城東2丁目,日之出,成和,
304,城東3丁目,日之出・和田,成和,1～11番は日之出小学校、12～24番は和田小学校
305,城東4丁目,旭・日之出・和田,成和,1～5番、9～11番は旭小学校、6～8番、13～15番は日之出小学校、12番、16～29番は和田小学校
306,昭和新町,鶉,川西,
307,成願寺町,酒生,足羽第一,
308,次郎丸町,岡保,大東,
309,下莇生田町,六条,足羽第一,
310,下荒井町,清明,足羽,
311,下一光町,安居,安居,
312,下市町,東安居,光陽,
313,下江尻町,麻生津,足羽,
314,下江守町,社西・社南,社・至民,1～3番、4番の一部は社南小学校で至民中学校
315,下河北町,文殊,足羽第一,
316,下中町,円山,大東,
317,浄教寺町,一乗,足羽第一,
318,浄土寺町,鶉,川西,
319,白方町,棗,棗,
320,白滝町,殿下,清水,
321,白浜町,国見,国見,
322,新下江守町,社南,至民,
323,新田本町,中藤,灯明寺,
324,新開町,文殊,足羽第一,
325,新保町,啓蒙,大東,
326,新保北1丁目,啓蒙,大東,
327,新保1丁目,啓蒙,大東,
328,新保2丁目,啓蒙,大東,
329,新保3丁目,啓蒙,大東,
330,順化1丁目,順化,明道,
331,順化2丁目,順化,明道,
332,小路町,東郷,足羽第一,
333,宿堂町,殿下,清水,
334,生野町,麻生津,足羽,
335,菖蒲谷町,鶉,川西,
336,品ケ瀬町,美山啓明,美山,
337,城有町,越廼,越廼,
338,志津が丘1丁目,清水西,清水,
339,志津が丘2丁目,清水西,清水,
340,志津が丘3丁目,清水西,清水,
341,志津が丘4丁目,清水西,清水,
342,島寺町,清水南,清水,
343,清水町,清水東,清水,
344,清水杉谷町,清水東,清水,
345,清水畑町,清水西,清水,
346,清水山町,清水南,清水,
347,下天下町,清水東,清水,
348,末広町,麻生津,足羽,
349,末  町,安居,安居,
350,菅谷町,東安居,光陽,
351,菅谷1丁目,東安居・湊,光陽,1番は湊小学校
352,菅谷2丁目,東安居,光陽,
353,杉谷町,清明,足羽,
354,砂子坂町,鶉,川西,
355,砂子田町,鶉,川西,
356,椙谷町,美山啓明,美山,
357,成和1丁目,和田,成和,
358,成和2丁目,和田,成和,
359,仙  町,鶉,川西,
360,曽万布町,岡保,大東,
361,高尾町,酒生,足羽第一,
362,高木町,中藤・松本・明新,進明・灯明寺,1～2番、7～12番、16～22番、25～28番は明新小学校、灯明寺中学校、3～6番、13～14番、23～24番、36～78番、85～93番、96～99番は中藤小学校、灯明寺中学校、29～34番は松本小学校、進明中学校
363,高木西1丁目,明新,灯明寺,
364,高木1丁目,中藤,灯明寺,
365,高木2丁目,中藤,灯明寺,
366,高木北1丁目,中藤,灯明寺,
367,高木北2丁目,中藤,灯明寺,
368,高木北3丁目,中藤,灯明寺,
369,高木北4丁目,中藤,灯明寺,
370,高木北5丁目,中藤,灯明寺,
371,高木中央1丁目,中藤,灯明寺,
372,高木中央2丁目,中藤,灯明寺,
373,高木中央3丁目,中藤,灯明寺,
374,高須町,棗,棗,
375,高塚町,社北,社,
376,高屋町,河合,灯明寺,
377,大東1丁目,円山,大東,
378,大東2丁目,円山,大東,
379,大東3丁目,円山,大東,
380,田治島町,上文殊,足羽第一,
381,種池町,社南,至民,
382,種池1丁目,社南,至民,
383,種池2丁目,社南,至民,
384,田中町,上文殊,足羽第一,
385,田ノ頭町,棗,棗,
386,田ノ谷町,大安寺,大安寺,
387,為寄町,棗,棗,
388,田原1丁目,春山,明道,
389,田原2丁目,春山,明道,
390,大願寺1丁目,松本,進明,
391,大願寺2丁目,松本,進明,
392,大願寺3丁目,松本,進明,
393,高柳町,中藤,灯明寺,
394,高柳1丁目,中藤,灯明寺,
395,高柳2丁目,中藤,灯明寺,
396,高柳3丁目,中藤,灯明寺,
397,高田町,下宇坂,美山,
398,田尻町,下宇坂,美山,
399,滝波町,清水西,清水,
400,竹生町,清水東,清水,
401,田尻栃谷町,清水東,清水,
402,中央1丁目,順化,明道,
403,中央2丁目,順化,明道,
404,中央3丁目,順化,明道,
405,千合町,殿下,清水,
406,地蔵堂町,西藤島,藤島,
407,月見1丁目,豊,明倫,
408,月見2丁目,豊,明倫,
409,月見3丁目,豊,明倫,
410,月見4丁目,豊,明倫,
411,月見5丁目,豊,明倫,
412,つくし野1丁目,河合,灯明寺,
413,つくし野2丁目,河合,灯明寺,
414,つくし野3丁目,河合,灯明寺,
415,つくも1丁目,足羽,光陽,
416,つくも2丁目,足羽,光陽,
417,土橋町,西藤島,藤島,
418,角折町,東安居,光陽,
419,角原町,麻生津,足羽,
420,剣大谷町,鶉,川西,
421,坪谷町,清水南,清水,
422,手寄1丁目,旭,成和,
423,手寄2丁目,旭,成和,
424,寺前町,中藤,灯明寺,
425,殿下町,岡保,大東,
426,天王町,六条,足羽第一,
427,照手1丁目,湊,光陽,
428,照手2丁目,湊,光陽,
429,照手3丁目,湊,光陽,
430,照手4丁目,湊,光陽,
431,照手町4丁目,湊,光陽,
432,問屋町1丁目,和田,成和,
433,問屋町2丁目,和田,成和,
434,問屋町3丁目,和田,成和,
435,問屋町4丁目,和田,成和,
436,東郷中島町,東郷,足羽第一,
437,東郷ニケ町,東郷,足羽第一,
438,豊町,本郷,川西,
439,灯明寺町,明新,灯明寺・藤島,1～3番は藤島中学校
440,灯明寺1丁目,明新,灯明寺,
441,灯明寺2丁目,明新,灯明寺,
442,灯明寺3丁目,明新,灯明寺,
443,灯明寺4丁目,明新,灯明寺・藤島,2404～2406番、2503～2512番は藤島中学校
444,堂島町,東藤島,大東,
445,栂野町,酒生,足羽第一,
446,徳尾町,麻生津,足羽,
447,徳光町,上文殊,足羽第一,
448,栃泉町,東郷,足羽第一,
449,豊岡1丁目,東安居,光陽,
450,豊岡2丁目,東安居,光陽,
451,豊島1丁目,旭,成和,
452,豊島2丁目,旭,成和,
453,所谷町,美山啓明,美山,
454,中荒井町,清明,足羽,
455,中河内町,本郷,川西,
456,中新田町,中藤,灯明寺,
457,中平町,本郷,川西,
458,中角町,河合,灯明寺,
459,中ノ郷町,東藤島,大東,
460,中野町,麻生津,足羽,
461,中野1丁目,麻生津,足羽,
462,中野2丁目,麻生津,足羽,
463,中野3丁目,麻生津,足羽,
464,中毘沙門町,東郷,足羽第一,
465,中藤新保町,中藤,灯明寺,
466,中町,本郷,川西,
467,中山町,棗,棗,
468,長橋町,長橋,鷹巣,
469,長本町,啓蒙,進明,
470,南居町,社南,至民,
471,波寄町,鶉,川西,
472,中手町,美山啓明,美山,
473,奈良瀬町,下宇坂,美山,
474,西荒井町,本郷,川西,
475,西板垣町,木田,明倫,
476,西大味町,上文殊,足羽第一,
477,西開発1丁目,啓蒙,進明,
478,西開発2丁目,啓蒙,進明,
479,西開発3丁目,啓蒙,進明,
480,西開発4丁目,啓蒙,進明,
481,西開発5丁目,啓蒙,進明,
482,西方1丁目,和田,成和,
483,西方2丁目,和田,成和,
484,西学園1丁目,東安居,光陽,
485,西学園2丁目,東安居,光陽,
486,西学園3丁目,東安居,光陽,
487,西木田1丁目,木田・豊,明倫,1～5番、6番1～3号、12～15号、8～10番、11番1～16号、23～25号、13番1～2号、18～23号、14～16番、17番2号、5～14号、18番は木田小学校、6番4～11号、7番、11番17～22号、12番、13番3～17号、17番1号、3～4号、15～24号、19番3～15号、20番は豊小学校
488,西木田2丁目,木田・豊,明倫,1～2番、3番5～24号、4～11番は豊小学校、3番1～4号は木田小学校
489,西木田3丁目,豊・足羽,明倫,1番1～22号、26～27号、2～5番、6番5～18号、7番6号、12～16号、8～18番は豊小学校、1番23～25号、6番1～4号、19～25号、7番1～5号、7～11号は足羽小学校
490,西木田4丁目,豊,明倫,
491,西木田5丁目,豊,明倫,
492,西谷1丁目,豊,明倫,
493,西谷2丁目,社南,至民,
494,西谷3丁目,社南,至民,
495,西谷町,社南・豊,至民・明倫,21番は豊小学校、明倫中学校
496,西新町,一乗,足羽第一,
497,西中野町,鶉,川西,
498,西畑町,鷹巣,鷹巣,
499,西二ッ屋町,鷹巣,鷹巣,
500,西袋町,上文殊,足羽第一,
501,西別所町,殿下,清水,
502,西堀町,西藤島,藤島,
503,日光1丁目,湊,光陽,
504,日光2丁目,湊,光陽,
505,新田塚町,明新,明道・灯明寺,101～600番は明道中学校、601～1106番は灯明寺中学校
506,新田塚1丁目,明新,藤島・灯明寺,60番、87番は灯明寺中学校
507,新田塚2丁目,明新,藤島,
508,二の宮1丁目,松本,進明,
509,二の宮2丁目,松本,進明・明道,1番、8番、17～23番、29～31番は進明中学校、2～7番、9～16番、24～28番は明道中学校
510,二の宮3丁目,明新,明道,
511,二の宮4丁目,明新,明道,
512,二の宮5丁目,明新,藤島,
513,西下野町,社北,社,
514,仁位町,羽生,美山,
515,西天田町,美山啓明,美山,
516,西市布町,美山啓明,美山,
517,西河原町,美山啓明,美山,
518,西中町,美山啓明,美山,
519,縫原町,羽生,美山,
520,猫瀬町,本郷,川西,
521,野波町,羽生,美山,
522,羽坂町,安居,安居,
523,畠中町,殿下,清水,
524,花野谷町,岡保,大東,
525,花守町,麻生津,足羽,
526,浜島町,棗,棗,
527,浜住町,鷹巣,鷹巣,
528,浜別所町,棗,棗,
529,春山1丁目,春山,明道,
530,春山2丁目,春山,明道,
531,花堂町,豊,明倫,
532,花堂北1丁目,豊,明倫,
533,花堂北2丁目,豊,明倫,
534,花堂中1丁目,豊,明倫,
535,花堂中2丁目,豊,明倫,
536,花堂東1丁目,木田,明倫,
537,花堂東2丁目,木田,明倫,
538,花堂南1丁目,豊,明倫,
539,花堂南2丁目,豊,明倫,
540,林町,東藤島,大東,
541,林藤島町,東藤島,大東,
542,原目町,東藤島,大東,
543,半田町,文殊,足羽,
544,計石町,羽生,美山,
545,浜北山町,越廼,越廼,
546,日之出1丁目,旭・日之出,成和・進明,1～4番、16～18番は旭小学校、成和中学校、5～7番、13～15番は日之出小学校、成和中学校、8～12番は日之出小学校、進明中学校
547,日之出2丁目,旭・日之出,成和・進明,1～10番は旭小学校、成和中学校、11～16番は日之出小学校、成和中学校、17番は日之出小学校、進明中学校
548,日之出3丁目,旭・日之出,成和・進明,1～3番、16～17番は旭小学校、成和中学校、4～7番、11～15番は日之出小学校、進明中学校、8～10番は日之出小学校、成和中学校
549,日之出4丁目,日之出,成和,
550,日之出5丁目,日之出,進明・成和,1～5番は進明中学校、6～16番は成和中学校
551,東今泉町,円山,大東,
552,東大味町,上文殊,足羽第一,
553,東下野町,社北,社,
554,東新町,一乗,足羽第一,
555,東平町,本郷,川西,
556,引目町,清明,足羽,
557,東天田町,美山啓明,美山,
558,東川上町,羽生,美山,
559,東河原町,美山啓明,美山,
560,東俣町,羽生,美山,
561,平尾町,清水西,清水,
562,深坂町,棗,棗,
563,深見町,東郷,足羽第一,
564,福町,社南,社,
565,福1丁目,社南,社,
566,福2丁目,社北,社,
567,渕1丁目,社南,至民,
568,渕2丁目,社南,至民,
569,渕3丁目,社南,至民,
570,渕4丁目,社西,社,
571,渕町,社南・社西,至民・社,5～6番は社西小学校、社中学校
572,文京1丁目,松本・春山・宝永,進明・明道,1～4番は宝永小学校、進明中学校、5番、6番1～25号、9番1～5号、10番1～22号、50番は宝永小学校、明道中学校、6番26～32号、25番、40～45番は松本小学校、明道中学校、7番、22～24番は春山小学校、明道中学校、8番、9番6～13号、10番23～49号、11～21番、26～39番は松本小学校、進明中学校
573,文京2丁目,春山・松本,明道,1～11番、14～15番、21番は春山小学校、12～13番、16～20番は松本小学校
574,文京3丁目,春山,明道,
575,文京4丁目,春山,明道,
576,文京5丁目,日新,藤島,
577,文京6丁目,日新・湊,藤島,1～3番、14～41番は日新小学校、4～13番は湊小学校
578,文京7丁目,西藤島・湊,藤島,1～7番は湊小学校、8～27番は西藤島小学校
579,布施田町,鶉,川西,
580,二ツ屋町,殿下,清水,
581,深谷町,西藤島,藤島,
582,福新町,社西,社,
583,藤島町,東藤島,大東,
584,二上町,文殊,足羽,
585,二日市町,河合,灯明寺,
586,舟橋新町,明新,灯明寺,
587,舟橋町,明新・中藤,灯明寺,2～4番は明新小学校
588,舟橋1丁目,中藤,灯明寺,
589,舟橋2丁目,中藤,灯明寺,
590,舟橋3丁目,中藤,灯明寺,
591,舟橋新1丁目,明新,灯明寺,
592,舟橋新2丁目,明新,灯明寺・藤島,100～299番、1000～1099番は灯明寺中学校、300～999番は藤島中学校
593,舟橋黒竜1丁目,明新,灯明寺,
594,舟橋黒竜2丁目,明新,灯明寺,
595,冬野町,麻生津,足羽,
596,武周町,殿下,清水,
597,古市町,森田,森田,
598,古市1丁目,森田,森田,
599,古市2丁目,森田,森田,
600,古市3丁目,森田,森田,
601,福島町,下宇坂,美山,
602,別所町,木田,明倫,
603,別畑町,殿下,清水,
604,宝永1丁目,宝永,進明,
605,宝永2丁目,宝永,進明,
606,宝永3丁目,宝永,明道・進明,2番1～11号、23～24号、3番1～25号、4～6号、7番9～16号、15～16号、17番9～13号、25番12～13号、26番8～18号、24～27号、27番1～3号、8～30号、28番8～17号、34番6～11号、35番1～14号は明道中学校、1番、2番12～22号、3番26～35号、7番1～8号、17～31号、8～14番、17番1～8号、14～23号、8～24番、25番1～11号、14～24号、26番1～7号、19～23号、27番4～7号、28番1～7号、18～25号、29～33番、34番1～5号、12～27号、35番15～30号は進明中学校
607,宝永4丁目,宝永,明道・進明,1～21番、22番1～5号、19号は明道中学校、22番6～18号、20号は進明中学校
608,本堂町,安居,安居,
609,鉾ケ崎町,麻生津,足羽,
610,細坂町,安居,安居,
611,帆谷町,上文殊・文殊,足羽第一・足羽,28番ニュータウン文殊ヶ丘は文殊小学校、足羽中学校
612,堀ノ宮町,西藤島,藤島,
613,堀ノ宮1丁目,西藤島,藤島,
614,舞屋町,社南,至民,
615,前波町,酒生,足羽第一,
616,真木町,麻生津,足羽,
617,牧ノ島町,日新,藤島,
618,間山町,東藤島,大東,
619,丸山町,啓蒙,大東,
620,丸山1丁目,啓蒙,大東・進明,101～299番、801～899番、1101～1299番は大東中学校、301～799番、901～1099番は進明中学校
621,丸山2丁目,円山・啓蒙,大東,101～299番は円山小学校、301～2699番は啓蒙小学校
622,丸山3丁目,啓蒙,大東,
623,町屋1丁目,松本,進明,
624,町屋2丁目,松本,進明,
625,町屋3丁目,松本,進明,
626,松本1丁目,松本,進明,
627,松本2丁目,松本,進明,
628,松本3丁目,宝永,進明,
629,松本4丁目,宝永,進明・明道,1番、4番1～17号、28～35号、5番1～4号29～35号、9～11号、12番1～14号20号、13～18番、20番は進明中学校、2・3番、4番18～27号、5番5～28号、6～8番、12番15～19号、19番は明道中学校
630,松蔭町,鷹巣,鷹巣,
631,松城町,日之出,成和,
632,間戸町,羽生,美山,
633,真栗町,清水南,清水,
634,三尾野町,麻生津,足羽,
635,水切町,鶉,川西,
636,水越1丁目,東安居,光陽,
637,水越2丁目,東安居,光陽,
638,水谷町,殿下 ,清水,
639,三ツ屋町,西藤島,藤島,
640,三ツ屋1丁目,西藤島,藤島,
641,三ツ屋2丁目,西藤島,藤島,
642,蓑町,鷹巣,鷹巣,
643,みのり1丁目,木田・豊,明倫,1～22番、23番1～7号17号18号、24番1～20号、25番1～5号、26番1～15号21～23号、27～30番は木田小学校、23番8～16号、24番21～39号、25番6～28号、26番16~20号は豊小学校 
644,みのり1丁目,木田,明倫,
645,みのり2丁目,豊,明倫,
646,みのり3丁目,豊,明倫,
647,みのり4丁目,豊,明倫,
648,南江守町,社南,至民,
649,南菅生町,長橋,鷹巣,
650,南楢原町,大安寺,大安寺,
651,南山町,東郷,足羽第一,
652,南四ッ居町,円山,大東,
653,南四ッ居1丁目 ,円山,大東,
654,南四ッ居2丁目 ,円山,大東,
655,宮地町,岡保 ,大東,
656,御幸1丁目,旭,成和,
657,御幸2丁目,旭,成和,
658,御幸3丁目,旭・和田,成和,1番は旭小学校
659,御幸4丁目,和田,成和,
660,三宅町,鶉,川西,
661,宮郷町,鷹巣,鷹巣,
662,南西俣町,羽生,美山,
663,南野津又町,美山啓明,美山,
664,南宮地町,羽生,美山,
665,美山町,美山啓明,美山,
666,美山大谷町,美山啓明,美山,
667,三留町,清水東,清水,
668,六日市町,河合,灯明寺,
669,和布町,鷹巣,鷹巣,
670,免鳥町,鷹巣,鷹巣,
671,桃園1丁目,足羽,光陽,
672,桃園2丁目,足羽,光陽,
673,門前町,社南,社,
674,門前1丁目,社北・社南,社,100～299番は社北小学校、300～399番は社南小学校
675,門前2丁目,社北・社南,社,100～599番、1300～1399番は社北小学校、600～1299番は社南小学校
676,森行町,麻生津,足羽,
677,本折町,清水西,清水,
678,八重巻町,森田,森田,
679,八重巻中町,森田,森田,
680,八重巻東町,森田,森田,
681,安竹町,西藤島,藤島,
682,安原町,東郷,足羽第一,
683,安田町,安居,安居,
684,八ツ島町,日新,藤島,
685,山町,豊,明倫,
686,山室町,河合,灯明寺,
687,八幡町,本郷,川西,
688,八ツ島1丁目,日新,藤島,
689,薬師町,羽生,美山,
690,八ツ俣町,越廼,越廼,
691,山内町,清水西,清水,
692,有楽町,足羽,光陽,
693,四ッ井1丁目,日之出,成和,
694,四ッ井2丁目,日之出,成和,
695,米松1丁目,日之出,成和,
696,米松2丁目,日之出,成和,
697,横越町,美山啓明,美山,
698,吉山町,美山啓明,美山,
699,両橋屋町,棗,棗,
700,寮町,岡保,大東,
701,若栄町,東藤島,大東,
702,若杉町,社北,社,
703,若杉1丁目,社北,社,
704,若杉2丁目,社北,社,
705,若杉3丁目,社北,社,
706,若杉4丁目,社北,社,
707,若杉浜1丁目,社北,社,
708,若杉浜2丁目,社北,社,
709,若杉浜3丁目,社北,社,
710,渡町,東安居・社北,光陽・社,101～620番は東安居小学校、光陽中学校、621～720番は社北小学校、社中学校
711,脇三ケ町,東郷,足羽第一,
712,和田1丁目,和田,成和,
713,和田2丁目,和田,成和,
714,和田3丁目,和田,成和,
715,和田中町,和田,成和,
716,和田中1丁目,和田,成和,
717,和田中2丁目,和田,成和,
718,和田中3丁目,和田,成和,
719,和田東1丁目,和田,成和,
720,和田東2丁目,和田,成和,
721,和田町,清水東,清水,
722,石盛1丁目,森田,森田,
723,石盛2丁目,森田,森田,
724,石盛3丁目,森田,森田,
725,上野本町1丁目,森田,森田,
726,上野本町2丁目,森田,森田,
727,上野本町3丁目,森田,森田,
728,上野本町4丁目,森田,森田,
729,上森田6丁目,森田,森田,
730,栗森1丁目,森田,森田,
731,栗森2丁目,森田,森田,
732,定正1丁目,森田,森田,
733,定正2丁目,森田,森田,
734,東森田1丁目,森田,森田,
735,東森田2丁目,森田,森田,
736,東森田3丁目,森田,森田,
737,東森田4丁目,森田,森田,
738,上野本町新,森田,森田,
739,蒲生町,越廼,越廼,
740,東郷美里町,東郷,足羽第一,
